analysis_time_ms,res_width,res_height,pixels_per_module,avg_luminance,AE_AF_status,sharpness,payload_preview
1780402921267,1080,1080,-1.000,-1.000,BUSY_DROP,-1.000,""
1780402921278,1080,1080,-1.000,-1.000,BUSY_DROP,-1.000,""
1780402921245,700,700,7.216,25.918,AE/OFF AF/OFF ,2550.343,""
1780402921346,1080,1080,-1.000,-1.000,BUSY_DROP,-1.000,""
1780402921311,700,700,7.216,33.196,AE/OFF AF/OFF ,4265.454,""
1780402921381,700,700,7.216,37.238,AE/OFF AF/OFF ,4607.099,""
1780402921413,700,700,7.216,40.107,AE/OFF AF/OFF ,5425.453,""
1780402921446,700,700,7.216,46.031,AE/OFF AF/OFF ,6563.481,""
1780402921480,700,700,7.216,46.677,AE/OFF AF/OFF ,8496.148,""
1780402921512,700,700,7.216,49.776,AE/OFF AF/OFF ,9980.387,""
1780402921550,700,700,7.216,49.503,AE/OFF AF/OFF ,10331.963,""
1780402921581,700,700,7.216,52.267,AE/OFF AF/OFF ,10752.840,""
1780402921617,700,700,7.216,52.871,AE/OFF AF/OFF ,12132.641,""
1780402921646,700,700,7.216,53.910,AE/OFF AF/OFF ,13102.359,""
1780402921680,700,700,7.216,55.835,AE/OFF AF/OFF ,12773.071,""
1780402921713,700,700,7.216,62.749,AE/OFF AF/OFF ,10650.379,""
1780402921746,700,700,7.216,70.515,AE/OFF AF/OFF ,11377.768,""
1780402921779,700,700,7.216,77.675,AE/OFF AF/OFF ,13650.693,""
1780402921847,1080,1080,-1.000,-1.000,BUSY_DROP,-1.000,""
1780402921816,700,700,6.879,86.215,AE/OFF AF/OFF ,15862.882,"00000183|1780399513809|2meVLbJRJGEJOYxJ0Uu5xgoHtab6T2AZfs1Dg8DqnUwv6THh6490Ck35ThgKcGE0CZZiGCX1V5pSYtLHc6Fl7LuSi36HKAo5s5edExdup1CLkMAfirthydmAR8w6ytikKAZ5zxDRsKGdySHZtuO9pGfF528GEvy1fsE7neYsgfxmlmQFe..."
1780402921883,700,700,7.216,103.911,AE/OFF AF/OFF ,23676.991,""
1780402921914,700,700,7.216,106.068,AE/OFF AF/OFF ,29571.564,""
1780402921947,700,700,7.059,109.347,AE/OFF AF/OFF ,34847.491,"00000184|1780399560640|OICJAbBDE9EXIoTeORDux1UPcwaEL7WdTiyhPb6PGH8zAPWnpF7wkPUHZ4w6LXHpJqWpDjKCfOxUNoe3hQjXNIGEX3Xrt7a1SoODjnmzvROw67mjALR1dyAXzYlvNDNmBnVrd5glyaSRoxO5Xdk2if7uJKysYeNTV6NqZu8IUmKvb8tNz..."
1780402921981,700,700,7.098,113.099,AE/OFF AF/OFF ,43184.321,"00000184|1780399560640|OICJAbBDE9EXIoTeORDux1UPcwaEL7WdTiyhPb6PGH8zAPWnpF7wkPUHZ4w6LXHpJqWpDjKCfOxUNoe3hQjXNIGEX3Xrt7a1SoODjnmzvROw67mjALR1dyAXzYlvNDNmBnVrd5glyaSRoxO5Xdk2if7uJKysYeNTV6NqZu8IUmKvb8tNz..."
1780402922015,700,700,7.109,112.759,AE/OFF AF/OFF ,49524.642,"00000184|1780399560640|OICJAbBDE9EXIoTeORDux1UPcwaEL7WdTiyhPb6PGH8zAPWnpF7wkPUHZ4w6LXHpJqWpDjKCfOxUNoe3hQjXNIGEX3Xrt7a1SoODjnmzvROw67mjALR1dyAXzYlvNDNmBnVrd5glyaSRoxO5Xdk2if7uJKysYeNTV6NqZu8IUmKvb8tNz..."
1780402922049,700,700,7.105,114.179,AE/OFF AF/OFF ,50218.582,"00000185|1780399560841|HUGdkyGIbCsZk7r5zZzopF3rWSFyAEryWRxn4QMGovxc0d1dwxVCOKnXoQGpZPYVPK9uMu2u5uZfckroGUSxB44ZLcNg7HTkLyVkmCjUnJq10aqOzgdLsXkmPPCx6Ow9JuF1G4ZMfYUACpxN0IYdwRk2Q3wA1GEGYrpElIQlh3nqL35Ys..."
1780402922080,700,700,7.090,112.719,AE/OFF AF/OFF ,50169.523,"00000185|1780399560841|HUGdkyGIbCsZk7r5zZzopF3rWSFyAEryWRxn4QMGovxc0d1dwxVCOKnXoQGpZPYVPK9uMu2u5uZfckroGUSxB44ZLcNg7HTkLyVkmCjUnJq10aqOzgdLsXkmPPCx6Ow9JuF1G4ZMfYUACpxN0IYdwRk2Q3wA1GEGYrpElIQlh3nqL35Ys..."
1780402922115,700,700,7.054,109.491,AE/OFF AF/OFF ,50974.736,"00000185|1780399560841|HUGdkyGIbCsZk7r5zZzopF3rWSFyAEryWRxn4QMGovxc0d1dwxVCOKnXoQGpZPYVPK9uMu2u5uZfckroGUSxB44ZLcNg7HTkLyVkmCjUnJq10aqOzgdLsXkmPPCx6Ow9JuF1G4ZMfYUACpxN0IYdwRk2Q3wA1GEGYrpElIQlh3nqL35Ys..."
1780402922148,700,700,7.017,105.665,AE/OFF AF/OFF ,49719.887,"00000185|1780399560841|HUGdkyGIbCsZk7r5zZzopF3rWSFyAEryWRxn4QMGovxc0d1dwxVCOKnXoQGpZPYVPK9uMu2u5uZfckroGUSxB44ZLcNg7HTkLyVkmCjUnJq10aqOzgdLsXkmPPCx6Ow9JuF1G4ZMfYUACpxN0IYdwRk2Q3wA1GEGYrpElIQlh3nqL35Ys..."
1780402922180,700,700,6.970,111.747,AE/OFF AF/OFF ,48747.022,"00000185|1780399560841|HUGdkyGIbCsZk7r5zZzopF3rWSFyAEryWRxn4QMGovxc0d1dwxVCOKnXoQGpZPYVPK9uMu2u5uZfckroGUSxB44ZLcNg7HTkLyVkmCjUnJq10aqOzgdLsXkmPPCx6Ow9JuF1G4ZMfYUACpxN0IYdwRk2Q3wA1GEGYrpElIQlh3nqL35Ys..."
1780402922214,700,700,6.923,111.789,AE/OFF AF/OFF ,47597.233,"00000185|1780399560841|HUGdkyGIbCsZk7r5zZzopF3rWSFyAEryWRxn4QMGovxc0d1dwxVCOKnXoQGpZPYVPK9uMu2u5uZfckroGUSxB44ZLcNg7HTkLyVkmCjUnJq10aqOzgdLsXkmPPCx6Ow9JuF1G4ZMfYUACpxN0IYdwRk2Q3wA1GEGYrpElIQlh3nqL35Ys..."
1780402922246,700,700,7.216,112.894,AE/OFF AF/OFF ,38633.800,""
1780402922281,700,700,7.216,110.843,AE/OFF AF/OFF ,34909.932,""
1780402922314,700,700,6.939,113.835,AE/OFF AF/OFF ,41974.002,"00000186|1780399561041|epfLEdVGfWmYGLsigTGsr1nVzSOmLHHUgeRSrX8Xgrk9BH4VjchuEBQvY4umiXocv4d4tVO1zO0k0cs3Enym0ymCXsDSC3xnsvipuW1m3ISVbVKEyYr1Fcqkol1RpWFUNHSaYYxUiL7rzDlXBBExpfIy7Pwr4QhhcEvHD9CWj1YWyJ4k6..."
1780402922348,700,700,7.015,113.274,AE/OFF AF/OFF ,44205.562,"00000186|1780399561041|epfLEdVGfWmYGLsigTGsr1nVzSOmLHHUgeRSrX8Xgrk9BH4VjchuEBQvY4umiXocv4d4tVO1zO0k0cs3Enym0ymCXsDSC3xnsvipuW1m3ISVbVKEyYr1Fcqkol1RpWFUNHSaYYxUiL7rzDlXBBExpfIy7Pwr4QhhcEvHD9CWj1YWyJ4k6..."
1780402922386,700,700,7.080,107.747,AE/OFF AF/OFF ,49660.971,"00000186|1780399561041|epfLEdVGfWmYGLsigTGsr1nVzSOmLHHUgeRSrX8Xgrk9BH4VjchuEBQvY4umiXocv4d4tVO1zO0k0cs3Enym0ymCXsDSC3xnsvipuW1m3ISVbVKEyYr1Fcqkol1RpWFUNHSaYYxUiL7rzDlXBBExpfIy7Pwr4QhhcEvHD9CWj1YWyJ4k6..."
1780402922415,700,700,7.113,108.373,AE/OFF AF/OFF ,53505.338,"00000186|1780399561041|epfLEdVGfWmYGLsigTGsr1nVzSOmLHHUgeRSrX8Xgrk9BH4VjchuEBQvY4umiXocv4d4tVO1zO0k0cs3Enym0ymCXsDSC3xnsvipuW1m3ISVbVKEyYr1Fcqkol1RpWFUNHSaYYxUiL7rzDlXBBExpfIy7Pwr4QhhcEvHD9CWj1YWyJ4k6..."
1780402922447,700,700,7.153,106.402,AE/OFF AF/OFF ,52215.752,"00000187|1780399561242|o4e0kzpgVkmmDw6VRd60Sgktll8DBJi0EuyCZvq362nnelSEtmXnHZfKobU9c3mt1lWEYaVA20lS22IaaZfLjFSNWmsUoE6AtucaOIBzcuegEYvaSi6sm6X1r5dXitb0vKLaGR5Jauzzf6ika3uofRzKd6NwAzgKtnrWrWXm2RKKUYlRs..."
1780402922485,700,700,7.189,104.578,AE/OFF AF/OFF ,55099.577,"00000187|1780399561242|o4e0kzpgVkmmDw6VRd60Sgktll8DBJi0EuyCZvq362nnelSEtmXnHZfKobU9c3mt1lWEYaVA20lS22IaaZfLjFSNWmsUoE6AtucaOIBzcuegEYvaSi6sm6X1r5dXitb0vKLaGR5Jauzzf6ika3uofRzKd6NwAzgKtnrWrWXm2RKKUYlRs..."
1780402922515,700,700,7.216,103.802,AE/OFF AF/OFF ,55824.110,""
1780402922550,700,700,7.236,103.386,AE/OFF AF/OFF ,56851.710,"00000187|1780399561242|o4e0kzpgVkmmDw6VRd60Sgktll8DBJi0EuyCZvq362nnelSEtmXnHZfKobU9c3mt1lWEYaVA20lS22IaaZfLjFSNWmsUoE6AtucaOIBzcuegEYvaSi6sm6X1r5dXitb0vKLaGR5Jauzzf6ika3uofRzKd6NwAzgKtnrWrWXm2RKKUYlRs..."
1780402922584,700,700,7.216,105.903,AE/OFF AF/OFF ,56434.911,""
1780402922614,700,700,7.216,112.562,AE/OFF AF/OFF ,51632.035,""
1780402922648,700,700,7.216,110.942,AE/OFF AF/OFF ,47999.387,""
1780402922681,700,700,7.185,109.794,AE/OFF AF/OFF ,49814.827,"00000188|1780399561443|mOBfPw3faQfRoU6mvxeKXVGDK2ksT3nye4gnUamU6KALr8RUm1FKHFR6pxH5h72seKPWqqzvlqfq9OJsc0ugk9lE1rFeYvbgyKQQLt8mbi4zennpeHBDJIvMHVP2M73aR2Nvpvgi9V9lZyV3wSiS8UYiJG4nMNjutdiu4lHFXrm97z4qM..."
1780402922714,700,700,7.112,111.678,AE/OFF AF/OFF ,41729.382,"00000188|1780399561443|mOBfPw3faQfRoU6mvxeKXVGDK2ksT3nye4gnUamU6KALr8RUm1FKHFR6pxH5h72seKPWqqzvlqfq9OJsc0ugk9lE1rFeYvbgyKQQLt8mbi4zennpeHBDJIvMHVP2M73aR2Nvpvgi9V9lZyV3wSiS8UYiJG4nMNjutdiu4lHFXrm97z4qM..."
1780402922750,700,700,7.216,115.136,AE/OFF AF/OFF ,32579.515,""
1780402922783,700,700,6.952,111.579,AE/OFF AF/OFF ,45907.061,"00000188|1780399561443|mOBfPw3faQfRoU6mvxeKXVGDK2ksT3nye4gnUamU6KALr8RUm1FKHFR6pxH5h72seKPWqqzvlqfq9OJsc0ugk9lE1rFeYvbgyKQQLt8mbi4zennpeHBDJIvMHVP2M73aR2Nvpvgi9V9lZyV3wSiS8UYiJG4nMNjutdiu4lHFXrm97z4qM..."
1780402922817,700,700,6.897,111.881,AE/OFF AF/OFF ,50258.083,"00000188|1780399561443|mOBfPw3faQfRoU6mvxeKXVGDK2ksT3nye4gnUamU6KALr8RUm1FKHFR6pxH5h72seKPWqqzvlqfq9OJsc0ugk9lE1rFeYvbgyKQQLt8mbi4zennpeHBDJIvMHVP2M73aR2Nvpvgi9V9lZyV3wSiS8UYiJG4nMNjutdiu4lHFXrm97z4qM..."
1780402922849,700,700,7.216,110.621,AE/OFF AF/OFF ,45279.075,""
1780402922882,700,700,7.216,111.316,AE/OFF AF/OFF ,42255.558,""
1780402922913,700,700,7.216,106.001,AE/OFF AF/OFF ,36250.459,""
1780402922949,700,700,7.216,105.221,AE/OFF AF/OFF ,29825.174,""
1780402922981,700,700,7.216,108.516,AE/OFF AF/OFF ,27488.020,""
1780402923014,700,700,7.216,107.412,AE/OFF AF/OFF ,26028.184,""
1780402923048,700,700,7.216,102.172,AE/OFF AF/OFF ,23490.529,""
1780402923081,700,700,7.216,106.611,AE/OFF AF/OFF ,23158.746,""
1780402923116,700,700,7.216,106.690,AE/OFF AF/OFF ,22180.549,""
1780402923149,700,700,7.216,109.379,AE/OFF AF/OFF ,20787.254,""
1780402923183,700,700,7.216,109.083,AE/OFF AF/OFF ,19264.073,""
1780402923216,700,700,7.216,108.109,AE/OFF AF/OFF ,17594.274,""
1780402923248,700,700,7.216,101.572,AE/OFF AF/OFF ,15740.657,""
1780402923281,700,700,7.216,104.491,AE/OFF AF/OFF ,15737.161,""
1780402923314,700,700,7.216,104.035,AE/OFF AF/OFF ,15606.805,""
1780402923350,700,700,7.216,105.493,AE/OFF AF/OFF ,16073.019,""
1780402923380,700,700,7.216,108.364,AE/OFF AF/OFF ,16935.316,""
1780402923416,700,700,7.216,104.933,AE/OFF AF/OFF ,17840.678,""
1780402923449,700,700,7.216,105.333,AE/OFF AF/OFF ,18870.609,""
1780402923481,700,700,7.216,106.692,AE/OFF AF/OFF ,19190.027,""
1780402923519,700,700,7.216,106.018,AE/OFF AF/OFF ,18976.656,""
1780402923547,700,700,7.216,103.766,AE/OFF AF/OFF ,18099.144,""
1780402923587,700,700,5.901,104.247,AE/OFF AF/OFF ,16910.080,"00000192|1780399562251|kTcT3JdL7cOl9jHBE7uSbsqOV5vb9sX1mUhvqlDngwenTjkan2T0Nkg69er4FGX8T8WlOfVIOzwo5Cal52c6tinPi247ej5IKJiik4rDf3HkKr2HnE2N6Q7kbXXNnz2AmaGb1odAGCsnGs2c1l1sqomS5jCzEgEnKeRA9JffkGRlLFDmv..."
1780402923615,700,700,7.216,106.329,AE/OFF AF/OFF ,15376.996,""
1780402923648,700,700,7.216,101.403,AE/OFF AF/OFF ,11431.168,""
1780402923680,700,700,7.216,101.182,AE/OFF AF/OFF ,14030.562,""
1780402923717,700,700,5.706,101.396,AE/OFF AF/OFF ,13255.917,"00000193|1780399562453|WjbFY23FgJVHFlWxDNKeBPUO5xB0CDUTXdFRcaEXclXG7gvfPyN32WIXSf1gNod6vLEmWEBWGilqXuiSwiHr7bpqfv8vkolCdwi8ihDGhWbBsJOhYuB9NMEjeOuYYXKaypmJDU6veDo8Yu8x6T00T16Uqxs1yjDBbPqCVdT45wKQrDXCB..."
1780402923747,700,700,7.216,102.549,AE/OFF AF/OFF ,12718.349,""
1780402923781,700,700,5.685,101.258,AE/OFF AF/OFF ,12467.985,"00000193|1780399562453|WjbFY23FgJVHFlWxDNKeBPUO5xB0CDUTXdFRcaEXclXG7gvfPyN32WIXSf1gNod6vLEmWEBWGilqXuiSwiHr7bpqfv8vkolCdwi8ihDGhWbBsJOhYuB9NMEjeOuYYXKaypmJDU6veDo8Yu8x6T00T16Uqxs1yjDBbPqCVdT45wKQrDXCB..."
1780402923815,700,700,7.216,101.818,AE/OFF AF/OFF ,12622.959,""
1780402923848,700,700,7.216,99.992,AE/OFF AF/OFF ,9013.165,""
1780402923882,700,700,7.216,103.695,AE/OFF AF/OFF ,13010.951,""
1780402923916,700,700,5.803,105.211,AE/OFF AF/OFF ,13620.631,"00000194|1780399562654|bTglVcnvWU0zmfv1YAaQuw7rwNUp36HS5kE3yLorxq6rNLVQrqzdLccH9Er0rlHjNAAJr5f0GuTtaouafiV53BXKL3N5JlXflT5SqNNkx4iKj5UJHGwa727MBcnwVqKcaZ306p81Th2ivOQbMxayTUqSunlLD3ILDjRrlZQv6j3NBoZFv..."
1780402923950,700,700,7.216,104.184,AE/OFF AF/OFF ,14152.890,""
1780402923986,700,700,7.216,102.363,AE/OFF AF/OFF ,14253.499,""
1780402924015,700,700,7.216,102.264,AE/OFF AF/OFF ,13987.218,""
1780402924050,700,700,7.216,102.321,AE/OFF AF/OFF ,10670.394,""
1780402924082,700,700,7.216,102.880,AE/OFF AF/OFF ,12725.096,""
1780402924114,700,700,7.216,103.295,AE/OFF AF/OFF ,11924.531,""
1780402924149,700,700,7.216,102.471,AE/OFF AF/OFF ,10805.964,""
1780402924185,700,700,7.216,101.330,AE/OFF AF/OFF ,9953.097,""
1780402924216,700,700,7.216,99.920,AE/OFF AF/OFF ,9174.952,""
1780402924249,700,700,7.216,98.805,AE/OFF AF/OFF ,7983.234,""
1780402924283,700,700,7.216,98.573,AE/OFF AF/OFF ,7455.329,""
1780402924319,700,700,7.216,99.183,AE/OFF AF/OFF ,7061.581,""
1780402924347,700,700,7.216,99.875,AE/OFF AF/OFF ,6776.432,""
1780402924382,700,700,7.216,98.216,AE/OFF AF/OFF ,6640.451,""
1780402924415,700,700,7.216,97.055,AE/OFF AF/OFF ,6575.749,""
1780402924449,700,700,7.216,96.031,AE/OFF AF/OFF ,6619.697,""
1780402924483,700,700,7.216,97.021,AE/OFF AF/OFF ,6660.373,""
1780402924516,700,700,7.216,96.798,AE/OFF AF/OFF ,6701.423,""
1780402924550,700,700,7.216,96.503,AE/OFF AF/OFF ,6740.454,""
1780402924585,700,700,7.216,97.061,AE/OFF AF/OFF ,6762.114,""
1780402924615,700,700,7.216,97.464,AE/OFF AF/OFF ,6924.345,""
1780402924651,700,700,7.216,99.131,AE/OFF AF/OFF ,7286.837,""
1780402924682,700,700,7.216,100.052,AE/OFF AF/OFF ,7943.877,""
1780402924716,700,700,7.216,99.873,AE/OFF AF/OFF ,9101.163,""
1780402924748,700,700,5.636,100.008,AE/OFF AF/OFF ,10584.865,"00000198|1780399563462|2RpQNP1cYBihUc40yqFhzRPQe14k86WC6YmY81LicHhwqvokZNwcZtNOWjrzHPZfDmzoIXRyuhjK61MFUPj3YKBNIVETPdwzFDShmBcZaaquGFs9PnzChifCxAhXda4xq8puNrz5fX5fP52M6yM6KfiICc7wYE1VkjCbEVoKAd45lTf9l..."
1780402924784,700,700,7.216,102.127,AE/OFF AF/OFF ,12198.161,""
1780402924819,700,700,5.822,103.758,AE/OFF AF/OFF ,13947.989,"00000198|1780399563462|2RpQNP1cYBihUc40yqFhzRPQe14k86WC6YmY81LicHhwqvokZNwcZtNOWjrzHPZfDmzoIXRyuhjK61MFUPj3YKBNIVETPdwzFDShmBcZaaquGFs9PnzChifCxAhXda4xq8puNrz5fX5fP52M6yM6KfiICc7wYE1VkjCbEVoKAd45lTf9l..."
1780402924850,700,700,7.216,101.903,AE/OFF AF/OFF ,15240.339,""
1780402924885,700,700,7.216,105.562,AE/OFF AF/OFF ,12316.055,""
1780402924915,700,700,7.216,105.410,AE/OFF AF/OFF ,17789.471,""
1780402924949,700,700,6.059,106.271,AE/OFF AF/OFF ,19886.431,"00000199|1780399563664|IGk2XRovlKwsyLlFbyHDeRGQzWvWRlSBjyPqnqYqM3llcNBpslBpNL5MSzLS3pjjJwNLmzJRUnA97ZoRZJkft4duPDZxYeCbRbqSnaXy8Yo3zs8VMZ5kWjpj3i1pLMBYx1ll65A4a4UNOM5vGcrRXu0Xj3lD6HMZh2BzmgThqGKMKXqxH..."
1780402924986,700,700,7.216,108.249,AE/OFF AF/OFF ,22462.592,""
1780402925021,700,700,7.216,110.104,AE/OFF AF/OFF ,26336.924,""
1780402925050,700,700,6.379,107.763,AE/OFF AF/OFF ,30852.152,"00000199|1780399563664|IGk2XRovlKwsyLlFbyHDeRGQzWvWRlSBjyPqnqYqM3llcNBpslBpNL5MSzLS3pjjJwNLmzJRUnA97ZoRZJkft4duPDZxYeCbRbqSnaXy8Yo3zs8VMZ5kWjpj3i1pLMBYx1ll65A4a4UNOM5vGcrRXu0Xj3lD6HMZh2BzmgThqGKMKXqxH..."
1780402925086,700,700,7.216,109.531,AE/OFF AF/OFF ,28354.650,""
1780402925117,700,700,7.216,108.359,AE/OFF AF/OFF ,38617.230,""
1780402925153,700,700,7.216,111.683,AE/OFF AF/OFF ,40486.691,""
1780402925182,700,700,6.638,110.879,AE/OFF AF/OFF ,40732.194,"00000200|1780399563865|RjIcQB5TbQTpNhukadTphqrK9AztV5pw0HZ1xeQFSu7dVhg24W3XJSoCkfLOIlCGsKwzazir6jSTPeAZbn5WpiZZ5jbpP009frtou8DPNDjkjouecbVjFLEnLScNxA7S4Y3bHtFgxt9Qe06u68rmRc8aoV6YKpmGsVIbhapjGGDqZANTv..."
1780402925220,700,700,6.583,110.408,AE/OFF AF/OFF ,39800.259,"00000200|1780399563865|RjIcQB5TbQTpNhukadTphqrK9AztV5pw0HZ1xeQFSu7dVhg24W3XJSoCkfLOIlCGsKwzazir6jSTPeAZbn5WpiZZ5jbpP009frtou8DPNDjkjouecbVjFLEnLScNxA7S4Y3bHtFgxt9Qe06u68rmRc8aoV6YKpmGsVIbhapjGGDqZANTv..."
1780402925251,700,700,6.532,111.326,AE/OFF AF/OFF ,37819.126,"00000200|1780399563865|RjIcQB5TbQTpNhukadTphqrK9AztV5pw0HZ1xeQFSu7dVhg24W3XJSoCkfLOIlCGsKwzazir6jSTPeAZbn5WpiZZ5jbpP009frtou8DPNDjkjouecbVjFLEnLScNxA7S4Y3bHtFgxt9Qe06u68rmRc8aoV6YKpmGsVIbhapjGGDqZANTv..."
1780402925286,700,700,7.216,106.671,AE/OFF AF/OFF ,36205.349,""
1780402925320,700,700,7.216,108.143,AE/OFF AF/OFF ,35643.957,""
1780402925350,700,700,7.216,107.873,AE/OFF AF/OFF ,35084.821,""
1780402925384,700,700,6.458,107.618,AE/OFF AF/OFF ,35463.026,"00000201|1780399564067|v084x6CTbeKUnLPyJjUcCd1OEubd86YfVIdYxNDF8iEvF9d6N95fiyrfsPoz9IuXboNZX70ZRQd6SUxfnmL9R71CD29Qld6TYUECJSwXJEBzTGS8M9Wxlb2crUuUw3b24t81P3BxXu7M7lCcbR0GNcuvVeKKTWghoNKqq7E3rpjuqdJhh..."
1780402925420,700,700,7.216,105.433,AE/OFF AF/OFF ,35728.594,""
1780402925451,700,700,7.216,108.371,AE/OFF AF/OFF ,35397.840,""
1780402925484,700,700,7.216,108.929,AE/OFF AF/OFF ,34369.790,""
1780402925520,700,700,6.442,107.395,AE/OFF AF/OFF ,33866.410,"00000202|1780399564270|jjWA58xLhfxTIywIgtm8PVrXBNIU9sgz1GlUPkKyHPl4xwTe9TbVwYnfgWRwQWbzfu0RT7ajJHmEf9Q30bJmulD670hlghzjgR5dDi47aHQ97nsmCfcnrm7oQsk2gw4JYfZY4BqqQ3eW5Xf9cQJs60k1EJPdUsieQdP7kmSbL1Y5jCeON..."
1780402925551,700,700,7.216,107.808,AE/OFF AF/OFF ,33017.218,""
1780402925583,700,700,7.216,109.048,AE/OFF AF/OFF ,32104.219,""
1780402925617,700,700,7.216,107.267,AE/OFF AF/OFF ,31488.945,""
1780402925652,700,700,7.216,108.588,AE/OFF AF/OFF ,31399.847,""
1780402925683,700,700,7.216,106.104,AE/OFF AF/OFF ,31504.696,""
1780402925717,700,700,6.388,108.158,AE/OFF AF/OFF ,31549.143,"00000203|1780399564475|EN9NPUQpRgMwR08SKbNYIKdQKSqcuclKScYOh9lTvpgwZqSwQI8fbNo1ekZidTzFeKKUZu5PXq9O6tiOXpimQR5sZZEyIlNmPaPdBaiQ7LpuwCOP7L5RXMXpjn06KwwWZvOr6SoxFKI0fTPESOUeufdMoQrFx6aEchvaPqBVxhNXR7A2s..."
1780402925750,700,700,7.216,110.020,AE/OFF AF/OFF ,31459.988,""
1780402925784,700,700,7.216,109.176,AE/OFF AF/OFF ,31858.535,""
1780402925819,700,700,7.216,107.896,AE/OFF AF/OFF ,31742.916,""
1780402925850,700,700,7.216,106.136,AE/OFF AF/OFF ,31738.537,""
1780402925885,700,700,7.216,106.240,AE/OFF AF/OFF ,30880.657,""
1780402925917,700,700,7.216,108.774,AE/OFF AF/OFF ,31955.537,""
1780402925954,700,700,7.216,108.244,AE/OFF AF/OFF ,31813.398,""
1780402925984,700,700,7.216,108.724,AE/OFF AF/OFF ,32328.360,""
1780402926019,700,700,7.216,109.056,AE/OFF AF/OFF ,32388.407,""
1780402926050,700,700,7.216,108.801,AE/OFF AF/OFF ,32330.367,""
1780402926085,700,700,7.216,104.653,AE/OFF AF/OFF ,32184.116,""
1780402926118,700,700,6.453,107.681,AE/OFF AF/OFF ,34151.747,"00000205|1780399564882|WaJUMAqyarRDlVHhY35AtnKK2kEf6xKRUydaeOVQVAbHM4wUb5AZhWjEwcBIedckprMZV6Y5q1d4DpVGBTxugMt6NotMyUgSVK1galQtfV8asc1jBvZSp46xSkUrvXHP4Qby229XQArTf0sh1J0Xc7z7zx5TdD7lpFxbmDlDMfN9hPqbn..."
1780402926152,700,700,6.465,108.163,AE/OFF AF/OFF ,34495.590,"00000205|1780399564882|WaJUMAqyarRDlVHhY35AtnKK2kEf6xKRUydaeOVQVAbHM4wUb5AZhWjEwcBIedckprMZV6Y5q1d4DpVGBTxugMt6NotMyUgSVK1galQtfV8asc1jBvZSp46xSkUrvXHP4Qby229XQArTf0sh1J0Xc7z7zx5TdD7lpFxbmDlDMfN9hPqbn..."
1780402926185,700,700,6.464,108.656,AE/OFF AF/OFF ,34910.220,"00000205|1780399564882|WaJUMAqyarRDlVHhY35AtnKK2kEf6xKRUydaeOVQVAbHM4wUb5AZhWjEwcBIedckprMZV6Y5q1d4DpVGBTxugMt6NotMyUgSVK1galQtfV8asc1jBvZSp46xSkUrvXHP4Qby229XQArTf0sh1J0Xc7z7zx5TdD7lpFxbmDlDMfN9hPqbn..."
1780402926220,700,700,7.216,108.691,AE/OFF AF/OFF ,35088.648,""
1780402926249,700,700,7.216,108.529,AE/OFF AF/OFF ,35556.097,""
1780402926284,700,700,6.493,108.442,AE/OFF AF/OFF ,35645.093,"00000205|1780399564882|WaJUMAqyarRDlVHhY35AtnKK2kEf6xKRUydaeOVQVAbHM4wUb5AZhWjEwcBIedckprMZV6Y5q1d4DpVGBTxugMt6NotMyUgSVK1galQtfV8asc1jBvZSp46xSkUrvXHP4Qby229XQArTf0sh1J0Xc7z7zx5TdD7lpFxbmDlDMfN9hPqbn..."
1780402926323,700,700,7.216,108.631,AE/OFF AF/OFF ,34522.875,""
1780402926353,700,700,7.216,108.635,AE/OFF AF/OFF ,34936.375,""
1780402926384,700,700,7.216,106.720,AE/OFF AF/OFF ,35055.119,""
1780402926416,700,700,6.529,112.478,AE/OFF AF/OFF ,35167.219,"00000206|1780399565085|uEq8Nm4KW9bckeE3PvdZjOXfeiXFsAQca40aZw4wxLL21axwgg8PjWWKd46uTrgzlYGr4OaW9XT7vPE74C1edwheYTAzrjHon5921eMg2kTabz8nzw1AJigsd7lPLcZXgMenZJBPebzWujjmxBMGdzaIkNnTmMWV8LXpbx16FjljqB3SY..."
1780402926451,700,700,7.216,109.439,AE/OFF AF/OFF ,35363.364,""
1780402926486,700,700,7.216,112.287,AE/OFF AF/OFF ,28886.952,""
1780402926517,700,700,6.634,111.392,AE/OFF AF/OFF ,27540.663,"00000207|1780399565288|vuccxJ2y13O5McTrNTzGOwc68kYXRTX1ML9LUU5fTlSJFXnbWE1Gu3VQhaR2cFwr6fnEWjdXyRoas56SWiCrCkTKaqpQvIHbkEYRDQkI7zOHTqcMKV342vUa2tbkotGmtSIh16ZMcHg19HwS7018kCjtGwmKI5Bwbyl6RWuj2wF3H5hq8..."
1780402926552,700,700,6.635,109.682,AE/OFF AF/OFF ,35355.903,"00000207|1780399565288|vuccxJ2y13O5McTrNTzGOwc68kYXRTX1ML9LUU5fTlSJFXnbWE1Gu3VQhaR2cFwr6fnEWjdXyRoas56SWiCrCkTKaqpQvIHbkEYRDQkI7zOHTqcMKV342vUa2tbkotGmtSIh16ZMcHg19HwS7018kCjtGwmKI5Bwbyl6RWuj2wF3H5hq8..."
1780402926585,700,700,6.690,111.625,AE/OFF AF/OFF ,39909.871,"00000207|1780399565288|vuccxJ2y13O5McTrNTzGOwc68kYXRTX1ML9LUU5fTlSJFXnbWE1Gu3VQhaR2cFwr6fnEWjdXyRoas56SWiCrCkTKaqpQvIHbkEYRDQkI7zOHTqcMKV342vUa2tbkotGmtSIh16ZMcHg19HwS7018kCjtGwmKI5Bwbyl6RWuj2wF3H5hq8..."
1780402926618,700,700,6.760,109.259,AE/OFF AF/OFF ,42526.117,"00000207|1780399565288|vuccxJ2y13O5McTrNTzGOwc68kYXRTX1ML9LUU5fTlSJFXnbWE1Gu3VQhaR2cFwr6fnEWjdXyRoas56SWiCrCkTKaqpQvIHbkEYRDQkI7zOHTqcMKV342vUa2tbkotGmtSIh16ZMcHg19HwS7018kCjtGwmKI5Bwbyl6RWuj2wF3H5hq8..."
1780402926651,700,700,6.840,107.422,AE/OFF AF/OFF ,45327.232,"00000207|1780399565288|vuccxJ2y13O5McTrNTzGOwc68kYXRTX1ML9LUU5fTlSJFXnbWE1Gu3VQhaR2cFwr6fnEWjdXyRoas56SWiCrCkTKaqpQvIHbkEYRDQkI7zOHTqcMKV342vUa2tbkotGmtSIh16ZMcHg19HwS7018kCjtGwmKI5Bwbyl6RWuj2wF3H5hq8..."
1780402926685,700,700,6.939,108.744,AE/OFF AF/OFF ,48164.704,"00000207|1780399565288|vuccxJ2y13O5McTrNTzGOwc68kYXRTX1ML9LUU5fTlSJFXnbWE1Gu3VQhaR2cFwr6fnEWjdXyRoas56SWiCrCkTKaqpQvIHbkEYRDQkI7zOHTqcMKV342vUa2tbkotGmtSIh16ZMcHg19HwS7018kCjtGwmKI5Bwbyl6RWuj2wF3H5hq8..."
1780402926720,700,700,7.037,115.834,AE/OFF AF/OFF ,52688.369,"00000208|1780399565491|TUCWQhA87bklsog69uTPb7soHCwIeBm9C7hidRVSsmcDzOJI6Pak9JZLVg7HwAkP2sabvetvw9xTohEsv0Ty3cG4qtjKhbifJKCPmB0vEO2KXWwK0kqD0jJLlP1YnHOVfSeY80RHEg88phoEuUSTUaKfPSpdwkcqsecyvVVaF2VIuOs6Y..."
1780402926750,700,700,7.121,113.253,AE/OFF AF/OFF ,56297.393,"00000208|1780399565491|TUCWQhA87bklsog69uTPb7soHCwIeBm9C7hidRVSsmcDzOJI6Pak9JZLVg7HwAkP2sabvetvw9xTohEsv0Ty3cG4qtjKhbifJKCPmB0vEO2KXWwK0kqD0jJLlP1YnHOVfSeY80RHEg88phoEuUSTUaKfPSpdwkcqsecyvVVaF2VIuOs6Y..."
1780402926785,700,700,7.205,115.911,AE/OFF AF/OFF ,58415.005,"00000208|1780399565491|TUCWQhA87bklsog69uTPb7soHCwIeBm9C7hidRVSsmcDzOJI6Pak9JZLVg7HwAkP2sabvetvw9xTohEsv0Ty3cG4qtjKhbifJKCPmB0vEO2KXWwK0kqD0jJLlP1YnHOVfSeY80RHEg88phoEuUSTUaKfPSpdwkcqsecyvVVaF2VIuOs6Y..."
1780402926819,700,700,7.289,113.396,AE/OFF AF/OFF ,63271.846,"00000208|1780399565491|TUCWQhA87bklsog69uTPb7soHCwIeBm9C7hidRVSsmcDzOJI6Pak9JZLVg7HwAkP2sabvetvw9xTohEsv0Ty3cG4qtjKhbifJKCPmB0vEO2KXWwK0kqD0jJLlP1YnHOVfSeY80RHEg88phoEuUSTUaKfPSpdwkcqsecyvVVaF2VIuOs6Y..."
1780402926851,700,700,7.347,114.020,AE/OFF AF/OFF ,65551.436,"00000208|1780399565491|TUCWQhA87bklsog69uTPb7soHCwIeBm9C7hidRVSsmcDzOJI6Pak9JZLVg7HwAkP2sabvetvw9xTohEsv0Ty3cG4qtjKhbifJKCPmB0vEO2KXWwK0kqD0jJLlP1YnHOVfSeY80RHEg88phoEuUSTUaKfPSpdwkcqsecyvVVaF2VIuOs6Y..."
1780402926885,700,700,7.402,113.592,AE/OFF AF/OFF ,67067.383,"00000208|1780399565491|TUCWQhA87bklsog69uTPb7soHCwIeBm9C7hidRVSsmcDzOJI6Pak9JZLVg7HwAkP2sabvetvw9xTohEsv0Ty3cG4qtjKhbifJKCPmB0vEO2KXWwK0kqD0jJLlP1YnHOVfSeY80RHEg88phoEuUSTUaKfPSpdwkcqsecyvVVaF2VIuOs6Y..."
1780402926920,700,700,7.216,111.402,AE/OFF AF/OFF ,52346.886,""
1780402926951,700,700,7.522,112.416,AE/OFF AF/OFF ,69039.306,"00000209|1780399565694|CjCBJUVyK2l2LF5th1bM1CpZYbcP47JxmtLHwKlXTxl3D0ZKdlA2WxxhiLfG9P76sA05pQPlEzBASn8352WP9CJOwqyxIFRZ5d9yAm8iCeh55kd0rV5OPTPMJaVwwlYNODiAnivgFlBl8edJ0DSFqGEdeCmSQjEQrsHZDakJgahafTRkx..."
1780402926984,700,700,7.563,113.799,AE/OFF AF/OFF ,69172.898,"00000209|1780399565694|CjCBJUVyK2l2LF5th1bM1CpZYbcP47JxmtLHwKlXTxl3D0ZKdlA2WxxhiLfG9P76sA05pQPlEzBASn8352WP9CJOwqyxIFRZ5d9yAm8iCeh55kd0rV5OPTPMJaVwwlYNODiAnivgFlBl8edJ0DSFqGEdeCmSQjEQrsHZDakJgahafTRkx..."
1780402927018,700,700,7.577,116.396,AE/OFF AF/OFF ,69144.367,"00000209|1780399565694|CjCBJUVyK2l2LF5th1bM1CpZYbcP47JxmtLHwKlXTxl3D0ZKdlA2WxxhiLfG9P76sA05pQPlEzBASn8352WP9CJOwqyxIFRZ5d9yAm8iCeh55kd0rV5OPTPMJaVwwlYNODiAnivgFlBl8edJ0DSFqGEdeCmSQjEQrsHZDakJgahafTRkx..."
1780402927051,700,700,7.592,116.363,AE/OFF AF/OFF ,69750.510,"00000209|1780399565694|CjCBJUVyK2l2LF5th1bM1CpZYbcP47JxmtLHwKlXTxl3D0ZKdlA2WxxhiLfG9P76sA05pQPlEzBASn8352WP9CJOwqyxIFRZ5d9yAm8iCeh55kd0rV5OPTPMJaVwwlYNODiAnivgFlBl8edJ0DSFqGEdeCmSQjEQrsHZDakJgahafTRkx..."
1780402927085,700,700,7.625,115.720,AE/OFF AF/OFF ,69885.954,"00000209|1780399565694|CjCBJUVyK2l2LF5th1bM1CpZYbcP47JxmtLHwKlXTxl3D0ZKdlA2WxxhiLfG9P76sA05pQPlEzBASn8352WP9CJOwqyxIFRZ5d9yAm8iCeh55kd0rV5OPTPMJaVwwlYNODiAnivgFlBl8edJ0DSFqGEdeCmSQjEQrsHZDakJgahafTRkx..."
1780402927122,700,700,7.643,117.484,AE/OFF AF/OFF ,69116.120,"00000210|1780399565897|unHO3U4PDz5tDDkazICOGnpgFjcke1vkru0iCLVWFHpmfF5YcoQAUGCq7oYzBhLJaTg4KagXCsex92nAa69DmIyTK9e6aMyCt21ZvQQG37AaMRC9yBC8sFFgOGjZx1mIVSIoQo3sBDy28Ts9T5PCiWFca7lwtEncrPZkQT1D9JRPiDdZA..."
1780402927154,700,700,7.672,116.265,AE/OFF AF/OFF ,69141.948,"00000210|1780399565897|unHO3U4PDz5tDDkazICOGnpgFjcke1vkru0iCLVWFHpmfF5YcoQAUGCq7oYzBhLJaTg4KagXCsex92nAa69DmIyTK9e6aMyCt21ZvQQG37AaMRC9yBC8sFFgOGjZx1mIVSIoQo3sBDy28Ts9T5PCiWFca7lwtEncrPZkQT1D9JRPiDdZA..."
1780402927184,700,700,7.722,113.986,AE/OFF AF/OFF ,68582.180,"00000210|1780399565897|unHO3U4PDz5tDDkazICOGnpgFjcke1vkru0iCLVWFHpmfF5YcoQAUGCq7oYzBhLJaTg4KagXCsex92nAa69DmIyTK9e6aMyCt21ZvQQG37AaMRC9yBC8sFFgOGjZx1mIVSIoQo3sBDy28Ts9T5PCiWFca7lwtEncrPZkQT1D9JRPiDdZA..."
1780402927218,700,700,7.798,120.841,AE/OFF AF/OFF ,68874.491,"00000210|1780399565897|unHO3U4PDz5tDDkazICOGnpgFjcke1vkru0iCLVWFHpmfF5YcoQAUGCq7oYzBhLJaTg4KagXCsex92nAa69DmIyTK9e6aMyCt21ZvQQG37AaMRC9yBC8sFFgOGjZx1mIVSIoQo3sBDy28Ts9T5PCiWFca7lwtEncrPZkQT1D9JRPiDdZA..."
1780402927251,700,700,7.889,115.713,AE/OFF AF/OFF ,68070.331,"00000210|1780399565897|unHO3U4PDz5tDDkazICOGnpgFjcke1vkru0iCLVWFHpmfF5YcoQAUGCq7oYzBhLJaTg4KagXCsex92nAa69DmIyTK9e6aMyCt21ZvQQG37AaMRC9yBC8sFFgOGjZx1mIVSIoQo3sBDy28Ts9T5PCiWFca7lwtEncrPZkQT1D9JRPiDdZA..."
1780402927285,700,700,8.003,122.400,AE/OFF AF/OFF ,67060.696,"00000210|1780399565897|unHO3U4PDz5tDDkazICOGnpgFjcke1vkru0iCLVWFHpmfF5YcoQAUGCq7oYzBhLJaTg4KagXCsex92nAa69DmIyTK9e6aMyCt21ZvQQG37AaMRC9yBC8sFFgOGjZx1mIVSIoQo3sBDy28Ts9T5PCiWFca7lwtEncrPZkQT1D9JRPiDdZA..."
1780402927320,700,700,8.125,122.215,AE/OFF AF/OFF ,66903.093,"00000211|1780399566101|572EyvUjAi1w0BkcY1IAEpIJWezMNUrlGZJHgvdozlMcepCIg6LAXOPZB0htYY2IpPi3PS5FPmzZznqpalgpWUioVMQcR5sketg0mfrMupAEAlJCNj618L6Hyb3nZXqLSn1EjSEoHXdM4bt379HsSBbhBmP6ad6qyr5xjMNp4DP5eDrH2..."
1780402927352,700,700,8.267,121.336,AE/OFF AF/OFF ,66127.382,"00000211|1780399566101|572EyvUjAi1w0BkcY1IAEpIJWezMNUrlGZJHgvdozlMcepCIg6LAXOPZB0htYY2IpPi3PS5FPmzZznqpalgpWUioVMQcR5sketg0mfrMupAEAlJCNj618L6Hyb3nZXqLSn1EjSEoHXdM4bt379HsSBbhBmP6ad6qyr5xjMNp4DP5eDrH2..."
1780402927388,700,700,8.369,123.158,AE/OFF AF/OFF ,63369.914,"00000211|1780399566101|572EyvUjAi1w0BkcY1IAEpIJWezMNUrlGZJHgvdozlMcepCIg6LAXOPZB0htYY2IpPi3PS5FPmzZznqpalgpWUioVMQcR5sketg0mfrMupAEAlJCNj618L6Hyb3nZXqLSn1EjSEoHXdM4bt379HsSBbhBmP6ad6qyr5xjMNp4DP5eDrH2..."
1780402927420,700,700,8.445,125.346,AE/OFF AF/OFF ,61401.400,"00000211|1780399566101|572EyvUjAi1w0BkcY1IAEpIJWezMNUrlGZJHgvdozlMcepCIg6LAXOPZB0htYY2IpPi3PS5FPmzZznqpalgpWUioVMQcR5sketg0mfrMupAEAlJCNj618L6Hyb3nZXqLSn1EjSEoHXdM4bt379HsSBbhBmP6ad6qyr5xjMNp4DP5eDrH2..."
1780402927452,700,700,8.478,123.140,AE/OFF AF/OFF ,60330.865,"00000211|1780399566101|572EyvUjAi1w0BkcY1IAEpIJWezMNUrlGZJHgvdozlMcepCIg6LAXOPZB0htYY2IpPi3PS5FPmzZznqpalgpWUioVMQcR5sketg0mfrMupAEAlJCNj618L6Hyb3nZXqLSn1EjSEoHXdM4bt379HsSBbhBmP6ad6qyr5xjMNp4DP5eDrH2..."
1780402927486,700,700,7.216,118.898,AE/OFF AF/OFF ,60092.172,""
1780402927518,700,700,7.216,122.311,AE/OFF AF/OFF ,50106.191,""
1780402927551,700,700,8.507,119.692,AE/OFF AF/OFF ,59132.089,"00000212|1780399566303|YSyvpOCozFNNYYxOn2wZUSl2eznTXpCJKLYR7yn4qFdQcSsAJrC9OZXgr2QAnfkLBi7L0Q8KgIc72TDIBzN7d0VMM2iI218JJfJe2r424Nw5gK7opLvTgveRHF3Azxy3fSVKsy9MpImv7y5XvoPvZ5tRxpBlk4zewFFK7ZWAK5C1qXST8..."
1780402927587,700,700,8.544,119.920,AE/OFF AF/OFF ,57837.202,"00000212|1780399566303|YSyvpOCozFNNYYxOn2wZUSl2eznTXpCJKLYR7yn4qFdQcSsAJrC9OZXgr2QAnfkLBi7L0Q8KgIc72TDIBzN7d0VMM2iI218JJfJe2r424Nw5gK7opLvTgveRHF3Azxy3fSVKsy9MpImv7y5XvoPvZ5tRxpBlk4zewFFK7ZWAK5C1qXST8..."
1780402927619,700,700,8.580,120.459,AE/OFF AF/OFF ,56545.916,"00000212|1780399566303|YSyvpOCozFNNYYxOn2wZUSl2eznTXpCJKLYR7yn4qFdQcSsAJrC9OZXgr2QAnfkLBi7L0Q8KgIc72TDIBzN7d0VMM2iI218JJfJe2r424Nw5gK7opLvTgveRHF3Azxy3fSVKsy9MpImv7y5XvoPvZ5tRxpBlk4zewFFK7ZWAK5C1qXST8..."
1780402927654,700,700,8.620,119.559,AE/OFF AF/OFF ,54827.162,"00000212|1780399566303|YSyvpOCozFNNYYxOn2wZUSl2eznTXpCJKLYR7yn4qFdQcSsAJrC9OZXgr2QAnfkLBi7L0Q8KgIc72TDIBzN7d0VMM2iI218JJfJe2r424Nw5gK7opLvTgveRHF3Azxy3fSVKsy9MpImv7y5XvoPvZ5tRxpBlk4zewFFK7ZWAK5C1qXST8..."
1780402927687,700,700,8.675,119.250,AE/OFF AF/OFF ,52972.457,"00000212|1780399566303|YSyvpOCozFNNYYxOn2wZUSl2eznTXpCJKLYR7yn4qFdQcSsAJrC9OZXgr2QAnfkLBi7L0Q8KgIc72TDIBzN7d0VMM2iI218JJfJe2r424Nw5gK7opLvTgveRHF3Azxy3fSVKsy9MpImv7y5XvoPvZ5tRxpBlk4zewFFK7ZWAK5C1qXST8..."
1780402927719,700,700,7.216,115.675,AE/OFF AF/OFF ,47481.867,""
1780402927752,700,700,8.733,119.608,AE/OFF AF/OFF ,50515.639,"00000213|1780399566506|NbRJuSdj2cxMQEa1gnxX7osuyJwNsST2kyVnUIURvMwILIqqZYasG49gTcPWUcaAJA767HWaeXIOtM8RQSIeEcjbsEcZokpFDAliCMfwvB4mGsgiXmeF4EpTTHAjq7GCIi4BTUNQe8VRkmS8uY8Ta8MccW1W76SrYHplM1hYCiPvRNrtN..."
1780402927787,700,700,8.773,119.065,AE/OFF AF/OFF ,48916.474,"00000213|1780399566506|NbRJuSdj2cxMQEa1gnxX7osuyJwNsST2kyVnUIURvMwILIqqZYasG49gTcPWUcaAJA767HWaeXIOtM8RQSIeEcjbsEcZokpFDAliCMfwvB4mGsgiXmeF4EpTTHAjq7GCIi4BTUNQe8VRkmS8uY8Ta8MccW1W76SrYHplM1hYCiPvRNrtN..."
1780402927822,700,700,8.806,114.397,AE/OFF AF/OFF ,47833.032,"00000213|1780399566506|NbRJuSdj2cxMQEa1gnxX7osuyJwNsST2kyVnUIURvMwILIqqZYasG49gTcPWUcaAJA767HWaeXIOtM8RQSIeEcjbsEcZokpFDAliCMfwvB4mGsgiXmeF4EpTTHAjq7GCIi4BTUNQe8VRkmS8uY8Ta8MccW1W76SrYHplM1hYCiPvRNrtN..."
1780402927855,700,700,8.839,115.413,AE/OFF AF/OFF ,46756.056,"00000213|1780399566506|NbRJuSdj2cxMQEa1gnxX7osuyJwNsST2kyVnUIURvMwILIqqZYasG49gTcPWUcaAJA767HWaeXIOtM8RQSIeEcjbsEcZokpFDAliCMfwvB4mGsgiXmeF4EpTTHAjq7GCIi4BTUNQe8VRkmS8uY8Ta8MccW1W76SrYHplM1hYCiPvRNrtN..."
1780402927886,700,700,7.216,117.154,AE/OFF AF/OFF ,45214.524,""
1780402927919,700,700,7.216,114.912,AE/OFF AF/OFF ,43313.792,""
1780402927953,700,700,8.963,115.055,AE/OFF AF/OFF ,42912.219,"00000214|1780399566710|cYzUGVbjINopzxjyhoavYuIMbxqIVIsfuHyrnShxGtOJ8QN1otHN3jBKcLDseLyf2qvVxv3SIMouUW9RHmGm2JhPt7xVUMjr3hJAa85ZE7dPnEpZz6vmwweKkEez49ErB2IndSWHeSegTjgIyWQh2hCMLpqnW7wEJ3ylA3FxOqKk5qZgt..."
1780402927987,700,700,9.021,115.419,AE/OFF AF/OFF ,41960.943,"00000214|1780399566710|cYzUGVbjINopzxjyhoavYuIMbxqIVIsfuHyrnShxGtOJ8QN1otHN3jBKcLDseLyf2qvVxv3SIMouUW9RHmGm2JhPt7xVUMjr3hJAa85ZE7dPnEpZz6vmwweKkEez49ErB2IndSWHeSegTjgIyWQh2hCMLpqnW7wEJ3ylA3FxOqKk5qZgt..."
1780402928021,700,700,9.069,115.604,AE/OFF AF/OFF ,40790.421,"00000214|1780399566710|cYzUGVbjINopzxjyhoavYuIMbxqIVIsfuHyrnShxGtOJ8QN1otHN3jBKcLDseLyf2qvVxv3SIMouUW9RHmGm2JhPt7xVUMjr3hJAa85ZE7dPnEpZz6vmwweKkEez49ErB2IndSWHeSegTjgIyWQh2hCMLpqnW7wEJ3ylA3FxOqKk5qZgt..."
1780402928054,700,700,7.216,113.888,AE/OFF AF/OFF ,39651.588,""
1780402928088,700,700,7.216,120.228,AE/OFF AF/OFF ,38222.898,""
1780402928120,700,700,9.262,121.593,AE/OFF AF/OFF ,36657.333,"00000214|1780399566710|cYzUGVbjINopzxjyhoavYuIMbxqIVIsfuHyrnShxGtOJ8QN1otHN3jBKcLDseLyf2qvVxv3SIMouUW9RHmGm2JhPt7xVUMjr3hJAa85ZE7dPnEpZz6vmwweKkEez49ErB2IndSWHeSegTjgIyWQh2hCMLpqnW7wEJ3ylA3FxOqKk5qZgt..."
1780402928152,700,700,9.327,122.299,AE/OFF AF/OFF ,35349.021,"00000215|1780399566914|MYqm9p9109Iy5y8ImECmS1RDdUfcwhbnyQbxjjvfTGITckRvMtJIyIOVf64tryWZKh2hKmsGd0VwgKAYzJksayJNL3Tg2QJ55D8ZOsV9tBrIJ4QqXfH0wk7NjV2f7hWVaSan5KtTebDmj6rTjEEr49lLnPKrg4NAysSmFzjyqFgfN3N01..."
1780402928189,700,700,9.404,121.207,AE/OFF AF/OFF ,33999.128,"00000215|1780399566914|MYqm9p9109Iy5y8ImECmS1RDdUfcwhbnyQbxjjvfTGITckRvMtJIyIOVf64tryWZKh2hKmsGd0VwgKAYzJksayJNL3Tg2QJ55D8ZOsV9tBrIJ4QqXfH0wk7NjV2f7hWVaSan5KtTebDmj6rTjEEr49lLnPKrg4NAysSmFzjyqFgfN3N01..."
1780402928219,700,700,9.491,121.238,AE/OFF AF/OFF ,32484.343,"00000215|1780399566914|MYqm9p9109Iy5y8ImECmS1RDdUfcwhbnyQbxjjvfTGITckRvMtJIyIOVf64tryWZKh2hKmsGd0VwgKAYzJksayJNL3Tg2QJ55D8ZOsV9tBrIJ4QqXfH0wk7NjV2f7hWVaSan5KtTebDmj6rTjEEr49lLnPKrg4NAysSmFzjyqFgfN3N01..."
1780402928286,1080,1080,-1.000,-1.000,BUSY_DROP,-1.000,""
1780402928257,700,700,9.579,123.765,AE/OFF AF/OFF ,30797.506,"00000215|1780399566914|MYqm9p9109Iy5y8ImECmS1RDdUfcwhbnyQbxjjvfTGITckRvMtJIyIOVf64tryWZKh2hKmsGd0VwgKAYzJksayJNL3Tg2QJ55D8ZOsV9tBrIJ4QqXfH0wk7NjV2f7hWVaSan5KtTebDmj6rTjEEr49lLnPKrg4NAysSmFzjyqFgfN3N01..."
1780402928323,700,700,7.216,121.120,AE/OFF AF/OFF ,28335.658,""
1780402928355,700,700,9.834,122.639,AE/OFF AF/OFF ,27967.956,"00000216|1780399567118|qFCIZh7gyeAaTTqBExs6PJit5fiyqiqHgjabyzFH3NXQLMCH93gcRYvoJk8gdNJQL4GNosQ8GnGcOfvl5ZHoe0xWQDKshic2BPCcBrclF8GiCulFbgRwgH2ScTZcqebDVbyaruRVr25izEMf1fTiozmOmBS27K4YiGgm4A3MvMkKOlac6..."
1780402928388,700,700,7.216,124.951,AE/OFF AF/OFF ,27290.538,""
1780402928422,700,700,7.216,124.202,AE/OFF AF/OFF ,26658.290,""
1780402928455,700,700,9.965,124.070,AE/OFF AF/OFF ,26232.701,"00000216|1780399567118|qFCIZh7gyeAaTTqBExs6PJit5fiyqiqHgjabyzFH3NXQLMCH93gcRYvoJk8gdNJQL4GNosQ8GnGcOfvl5ZHoe0xWQDKshic2BPCcBrclF8GiCulFbgRwgH2ScTZcqebDVbyaruRVr25izEMf1fTiozmOmBS27K4YiGgm4A3MvMkKOlac6..."
1780402928487,700,700,7.216,123.923,AE/OFF AF/OFF ,25751.174,""
1780402928521,700,700,10.009,125.618,AE/OFF AF/OFF ,25220.958,"00000216|1780399567118|qFCIZh7gyeAaTTqBExs6PJit5fiyqiqHgjabyzFH3NXQLMCH93gcRYvoJk8gdNJQL4GNosQ8GnGcOfvl5ZHoe0xWQDKshic2BPCcBrclF8GiCulFbgRwgH2ScTZcqebDVbyaruRVr25izEMf1fTiozmOmBS27K4YiGgm4A3MvMkKOlac6..."
1780402928553,700,700,10.056,122.932,AE/OFF AF/OFF ,24213.769,"00000217|1780399567321|omMQEaKjSewwNPE7mxjewRXWFmEhcKykH9uJ6coKTUQNePp5J7VpcdBDo23sCCgXod128qhqYucpRNP9M8Zkq60OQVztPtDOjayux4NaVUof88zUe3ar9Qjtmy0WXXJjZPjTMV5DUDMTzwzjfvMvYCLBCc0EFGk7zgjxxvpBu10f83gCO..."
1780402928591,700,700,10.122,121.487,AE/OFF AF/OFF ,23688.932,"00000217|1780399567321|omMQEaKjSewwNPE7mxjewRXWFmEhcKykH9uJ6coKTUQNePp5J7VpcdBDo23sCCgXod128qhqYucpRNP9M8Zkq60OQVztPtDOjayux4NaVUof88zUe3ar9Qjtmy0WXXJjZPjTMV5DUDMTzwzjfvMvYCLBCc0EFGk7zgjxxvpBu10f83gCO..."
1780402928625,700,700,10.166,123.539,AE/OFF AF/OFF ,23439.560,"00000217|1780399567321|omMQEaKjSewwNPE7mxjewRXWFmEhcKykH9uJ6coKTUQNePp5J7VpcdBDo23sCCgXod128qhqYucpRNP9M8Zkq60OQVztPtDOjayux4NaVUof88zUe3ar9Qjtmy0WXXJjZPjTMV5DUDMTzwzjfvMvYCLBCc0EFGk7zgjxxvpBu10f83gCO..."
1780402928656,700,700,10.177,123.016,AE/OFF AF/OFF ,23093.446,"00000217|1780399567321|omMQEaKjSewwNPE7mxjewRXWFmEhcKykH9uJ6coKTUQNePp5J7VpcdBDo23sCCgXod128qhqYucpRNP9M8Zkq60OQVztPtDOjayux4NaVUof88zUe3ar9Qjtmy0WXXJjZPjTMV5DUDMTzwzjfvMvYCLBCc0EFGk7zgjxxvpBu10f83gCO..."
1780402928688,700,700,10.211,122.340,AE/OFF AF/OFF ,22899.764,"00000217|1780399567321|omMQEaKjSewwNPE7mxjewRXWFmEhcKykH9uJ6coKTUQNePp5J7VpcdBDo23sCCgXod128qhqYucpRNP9M8Zkq60OQVztPtDOjayux4NaVUof88zUe3ar9Qjtmy0WXXJjZPjTMV5DUDMTzwzjfvMvYCLBCc0EFGk7zgjxxvpBu10f83gCO..."
1780402928719,700,700,10.202,121.532,AE/OFF AF/OFF ,21305.442,"00000217|1780399567321|omMQEaKjSewwNPE7mxjewRXWFmEhcKykH9uJ6coKTUQNePp5J7VpcdBDo23sCCgXod128qhqYucpRNP9M8Zkq60OQVztPtDOjayux4NaVUof88zUe3ar9Qjtmy0WXXJjZPjTMV5DUDMTzwzjfvMvYCLBCc0EFGk7zgjxxvpBu10f83gCO..."
1780402928752,700,700,7.216,119.731,AE/OFF AF/OFF ,20728.094,""
1780402928787,700,700,10.090,124.302,AE/OFF AF/OFF ,22313.170,"00000218|1780399567525|4i9cGVOgBFWctn8Om61NoCbrcByCVN8k3cwLd57FTh9bgHuzj26QvGVCS6L0w1HidF0PEhZLZIX4cNuz7UotKsijqUBGxfXhwcvUC4gV6TwlRQJbxRXwU2Ou4PlzKYKJn5cqaTECx0lBlENjgZnR2hKUzs2Ba7m6JKaqC7RnZkR6eo62Y..."
1780402928822,700,700,10.025,121.936,AE/OFF AF/OFF ,23546.270,"00000218|1780399567525|4i9cGVOgBFWctn8Om61NoCbrcByCVN8k3cwLd57FTh9bgHuzj26QvGVCS6L0w1HidF0PEhZLZIX4cNuz7UotKsijqUBGxfXhwcvUC4gV6TwlRQJbxRXwU2Ou4PlzKYKJn5cqaTECx0lBlENjgZnR2hKUzs2Ba7m6JKaqC7RnZkR6eo62Y..."
1780402928853,700,700,9.932,124.319,AE/OFF AF/OFF ,23540.769,"00000218|1780399567525|4i9cGVOgBFWctn8Om61NoCbrcByCVN8k3cwLd57FTh9bgHuzj26QvGVCS6L0w1HidF0PEhZLZIX4cNuz7UotKsijqUBGxfXhwcvUC4gV6TwlRQJbxRXwU2Ou4PlzKYKJn5cqaTECx0lBlENjgZnR2hKUzs2Ba7m6JKaqC7RnZkR6eo62Y..."
1780402928887,700,700,7.216,126.855,AE/OFF AF/OFF ,23957.963,""
1780402928922,700,700,9.667,120.904,AE/OFF AF/OFF ,26867.931,"00000218|1780399567525|4i9cGVOgBFWctn8Om61NoCbrcByCVN8k3cwLd57FTh9bgHuzj26QvGVCS6L0w1HidF0PEhZLZIX4cNuz7UotKsijqUBGxfXhwcvUC4gV6TwlRQJbxRXwU2Ou4PlzKYKJn5cqaTECx0lBlENjgZnR2hKUzs2Ba7m6JKaqC7RnZkR6eo62Y..."
1780402928954,700,700,7.216,120.247,AE/OFF AF/OFF ,23984.462,""
1780402928987,700,700,9.355,123.379,AE/OFF AF/OFF ,32030.591,"00000219|1780399567728|ytCtyE3AVUBXTIFGTZIxMFmgDSq41m3qWowqJbcU2KCwUrlcaEGWtgKhaHlaBU4kmJu8ObhqJn9tbQGsHom5tXVnCyOM8LDsSlUqDAik28veiRfxMv79re6b3pxiN3XqyEpyVK6RXwRzGLPyqBpCQ1DoclRIgiUxXJHWqam91gaAurt4V..."
1780402929020,700,700,9.218,122.708,AE/OFF AF/OFF ,32794.881,"00000219|1780399567728|ytCtyE3AVUBXTIFGTZIxMFmgDSq41m3qWowqJbcU2KCwUrlcaEGWtgKhaHlaBU4kmJu8ObhqJn9tbQGsHom5tXVnCyOM8LDsSlUqDAik28veiRfxMv79re6b3pxiN3XqyEpyVK6RXwRzGLPyqBpCQ1DoclRIgiUxXJHWqam91gaAurt4V..."
1780402929054,700,700,7.216,122.676,AE/OFF AF/OFF ,28523.248,""
1780402929088,700,700,7.216,123.396,AE/OFF AF/OFF ,25713.227,""
1780402929120,700,700,9.247,123.823,AE/OFF AF/OFF ,26800.747,"00000219|1780399567728|ytCtyE3AVUBXTIFGTZIxMFmgDSq41m3qWowqJbcU2KCwUrlcaEGWtgKhaHlaBU4kmJu8ObhqJn9tbQGsHom5tXVnCyOM8LDsSlUqDAik28veiRfxMv79re6b3pxiN3XqyEpyVK6RXwRzGLPyqBpCQ1DoclRIgiUxXJHWqam91gaAurt4V..."
1780402929152,700,700,9.390,117.755,AE/OFF AF/OFF ,29617.827,"00000220|1780399567931|Rh3Kf9XWl6s0emeDVpQ4AlxvY3sGGqC3RZdgcBQhOZT3K8KylQswaOOmrK0GtalgFcmvqMM1buza9bhan7OVoWEe4pCa5vBGallunbvaevYBlQH1qrdh7oBt1OEnFJvF7tsK18RWJuzZ9y6J67ONZHBdT4gs03HIEmqGCKIr78zlM7vtV..."
1780402929189,700,700,9.576,118.832,AE/OFF AF/OFF ,33561.729,"00000220|1780399567931|Rh3Kf9XWl6s0emeDVpQ4AlxvY3sGGqC3RZdgcBQhOZT3K8KylQswaOOmrK0GtalgFcmvqMM1buza9bhan7OVoWEe4pCa5vBGallunbvaevYBlQH1qrdh7oBt1OEnFJvF7tsK18RWJuzZ9y6J67ONZHBdT4gs03HIEmqGCKIr78zlM7vtV..."
1780402929221,700,700,9.733,117.983,AE/OFF AF/OFF ,34101.535,"00000220|1780399567931|Rh3Kf9XWl6s0emeDVpQ4AlxvY3sGGqC3RZdgcBQhOZT3K8KylQswaOOmrK0GtalgFcmvqMM1buza9bhan7OVoWEe4pCa5vBGallunbvaevYBlQH1qrdh7oBt1OEnFJvF7tsK18RWJuzZ9y6J67ONZHBdT4gs03HIEmqGCKIr78zlM7vtV..."
1780402929259,700,700,7.216,118.107,AE/OFF AF/OFF ,33268.036,""
1780402929287,700,700,9.951,120.375,AE/OFF AF/OFF ,30619.530,"00000220|1780399567931|Rh3Kf9XWl6s0emeDVpQ4AlxvY3sGGqC3RZdgcBQhOZT3K8KylQswaOOmrK0GtalgFcmvqMM1buza9bhan7OVoWEe4pCa5vBGallunbvaevYBlQH1qrdh7oBt1OEnFJvF7tsK18RWJuzZ9y6J67ONZHBdT4gs03HIEmqGCKIr78zlM7vtV..."
1780402929326,700,700,7.216,118.202,AE/OFF AF/OFF ,27164.949,""
1780402929353,700,700,7.216,115.467,AE/OFF AF/OFF ,20806.477,""
1780402929388,700,700,7.216,118.394,AE/OFF AF/OFF ,23723.971,""
1780402929421,700,700,7.216,118.856,AE/OFF AF/OFF ,22526.769,""
1780402929454,700,700,7.216,115.418,AE/OFF AF/OFF ,19505.440,""
1780402929489,700,700,7.216,115.818,AE/OFF AF/OFF ,19548.703,""
1780402929521,700,700,7.216,113.780,AE/OFF AF/OFF ,22034.000,""
1780402929555,700,700,7.216,110.420,AE/OFF AF/OFF ,22500.069,""
1780402929586,700,700,7.216,107.215,AE/OFF AF/OFF ,29438.299,""
1780402929622,700,700,7.216,110.998,AE/OFF AF/OFF ,32004.641,""
1780402929653,700,700,7.216,112.717,AE/OFF AF/OFF ,35363.081,""
1780402929686,700,700,8.720,117.074,AE/OFF AF/OFF ,40997.152,"00000222|1780399568338|AXVkNPaJLD8PJuTC7zA923qdisPNjljceFeOPGSxBeMQZcojblKTUrmz5bowIWsLYnz7vmiRut21wE0qGx9VuT0jLs3M0E0VsLghKPDj2vR1tsIfuTwbRpDXHIhcZDMKLp0sc9V4Mub00ypGX2tf6Almp5TJqteMHknvIarKihP0k7Ji9..."
1780402929723,700,700,7.216,118.984,AE/OFF AF/OFF ,46104.916,""
1780402929756,700,700,7.216,120.934,AE/OFF AF/OFF ,46601.609,""
1780402929787,700,700,7.216,122.954,AE/OFF AF/OFF ,39662.220,""
1780402929821,700,700,7.216,119.042,AE/OFF AF/OFF ,39495.817,""
1780402929853,700,700,7.216,111.293,AE/OFF AF/OFF ,47679.209,""
1780402929893,700,700,7.638,107.815,AE/OFF AF/OFF ,56086.321,"00000223|1780399568540|oIxhbpnH58kVfLpiyiE0TQwjyepPHKB3w5vrVKVGFaNTaFhVm60APdbK8rBn1CVS2ZPtorUCK7hA2NgfRrGvd3w3VN6gLrYZDWSiFsoKUjmVnTogIPA7UAH0YT8YhUs4iIPeOFcKbcMCwD19D0B764m4Bo4ui2PSIIuaPXSVVl0odA7ZX..."
1780402929920,700,700,7.503,107.219,AE/OFF AF/OFF ,64369.904,"00000223|1780399568540|oIxhbpnH58kVfLpiyiE0TQwjyepPHKB3w5vrVKVGFaNTaFhVm60APdbK8rBn1CVS2ZPtorUCK7hA2NgfRrGvd3w3VN6gLrYZDWSiFsoKUjmVnTogIPA7UAH0YT8YhUs4iIPeOFcKbcMCwD19D0B764m4Bo4ui2PSIIuaPXSVVl0odA7ZX..."
1780402929953,700,700,7.216,108.643,AE/OFF AF/OFF ,57698.898,""
1780402929986,700,700,7.216,105.732,AE/OFF AF/OFF ,57095.522,""
1780402930020,700,700,7.010,110.139,AE/OFF AF/OFF ,50466.988,"00000224|1780399568743|dBsy5flmHkpeWcu0ejojKLj4E5NM6v2N18Jll9V1Vt7xaDLHNECbC3gYXLA9l226E758hrhck1p89Lk0UZnJDwIWSu9jPZaDc4o9t6zMeGuI0wL0y5eXJQNthijEGfU3lwnSlcTvsCMrnoUCssAst7i62HhtUGE6jQ0WZ7XEJcWhQkP9p..."
1780402930055,700,700,6.841,107.619,AE/OFF AF/OFF ,44780.357,"00000224|1780399568743|dBsy5flmHkpeWcu0ejojKLj4E5NM6v2N18Jll9V1Vt7xaDLHNECbC3gYXLA9l226E758hrhck1p89Lk0UZnJDwIWSu9jPZaDc4o9t6zMeGuI0wL0y5eXJQNthijEGfU3lwnSlcTvsCMrnoUCssAst7i62HhtUGE6jQ0WZ7XEJcWhQkP9p..."
1780402930087,700,700,6.704,108.171,AE/OFF AF/OFF ,40375.415,"00000224|1780399568743|dBsy5flmHkpeWcu0ejojKLj4E5NM6v2N18Jll9V1Vt7xaDLHNECbC3gYXLA9l226E758hrhck1p89Lk0UZnJDwIWSu9jPZaDc4o9t6zMeGuI0wL0y5eXJQNthijEGfU3lwnSlcTvsCMrnoUCssAst7i62HhtUGE6jQ0WZ7XEJcWhQkP9p..."
1780402930120,700,700,6.597,109.562,AE/OFF AF/OFF ,36380.880,"00000224|1780399568743|dBsy5flmHkpeWcu0ejojKLj4E5NM6v2N18Jll9V1Vt7xaDLHNECbC3gYXLA9l226E758hrhck1p89Lk0UZnJDwIWSu9jPZaDc4o9t6zMeGuI0wL0y5eXJQNthijEGfU3lwnSlcTvsCMrnoUCssAst7i62HhtUGE6jQ0WZ7XEJcWhQkP9p..."
1780402930156,700,700,6.525,105.668,AE/OFF AF/OFF ,30510.480,"00000225|1780399568946|nXeaDfaJPUeNAbS8Yn7FSVip9HZlx89fiWZ5ySHlFoKd5SB9yUmNrSJcOOXhgzgTOUSshWUONiR7Sfw7IBORXLV4LtEnjVuXus5JNkoMkppCbddZXHAa9f68DYA3Z7rywqb8eswb02DYDKkqQ37fP1aRZicXcV4EAh27OI5YFgBxxpU3Z..."
1780402930190,700,700,7.216,105.926,AE/OFF AF/OFF ,32017.944,""
1780402930221,700,700,7.216,105.385,AE/OFF AF/OFF ,30129.849,""
1780402930254,700,700,7.216,104.369,AE/OFF AF/OFF ,28720.148,""
1780402930290,700,700,6.332,105.208,AE/OFF AF/OFF ,26873.951,"00000225|1780399568946|nXeaDfaJPUeNAbS8Yn7FSVip9HZlx89fiWZ5ySHlFoKd5SB9yUmNrSJcOOXhgzgTOUSshWUONiR7Sfw7IBORXLV4LtEnjVuXus5JNkoMkppCbddZXHAa9f68DYA3Z7rywqb8eswb02DYDKkqQ37fP1aRZicXcV4EAh27OI5YFgBxxpU3Z..."
1780402930320,700,700,7.216,103.410,AE/OFF AF/OFF ,24805.634,""
1780402930355,700,700,7.216,102.669,AE/OFF AF/OFF ,23339.202,""
1780402930388,700,700,7.216,102.448,AE/OFF AF/OFF ,21777.042,""
1780402930421,700,700,7.216,100.930,AE/OFF AF/OFF ,21309.632,""
1780402930454,700,700,7.216,102.516,AE/OFF AF/OFF ,21058.704,""
1780402930490,700,700,7.216,103.576,AE/OFF AF/OFF ,20742.138,""
1780402930521,700,700,7.216,103.558,AE/OFF AF/OFF ,20149.457,""
1780402930557,700,700,7.216,105.400,AE/OFF AF/OFF ,19491.930,""
1780402930587,700,700,7.216,106.157,AE/OFF AF/OFF ,18816.312,""
1780402930623,700,700,7.216,104.960,AE/OFF AF/OFF ,18183.218,""
1780402930657,700,700,7.216,104.257,AE/OFF AF/OFF ,17752.324,""
1780402930687,700,700,7.216,106.447,AE/OFF AF/OFF ,17995.271,""
1780402930722,700,700,7.216,107.026,AE/OFF AF/OFF ,18477.447,""
1780402930755,700,700,7.216,107.840,AE/OFF AF/OFF ,19424.802,""
1780402930789,700,700,7.216,109.314,AE/OFF AF/OFF ,19645.960,""
1780402930823,700,700,7.216,111.851,AE/OFF AF/OFF ,19816.147,""
1780402930855,700,700,7.216,111.869,AE/OFF AF/OFF ,22219.589,""
1780402930889,700,700,6.273,112.368,AE/OFF AF/OFF ,24562.447,"00000228|1780399569554|kS2dBKOATAsQ3oLvS8ermSPPgeieE8XtAon7TGZzoUpIM4Rrb9AcxKSOkMfFURzE0RoJKR0fx8AmYbqL0MF9Tv7UUlGQ80IW5vLrgIf2hYkxPy6DALfhDv8jYKI7zvacLCgZsTwck4XBkyMupeOqPeAhKufRuO5COE4Btp47AaESsv1D7..."
1780402930927,700,700,7.216,111.311,AE/OFF AF/OFF ,26195.342,""
1780402930958,700,700,7.216,111.259,AE/OFF AF/OFF ,26847.250,""
1780402930986,700,700,7.216,114.408,AE/OFF AF/OFF ,28720.361,""
1780402931023,700,700,7.216,112.042,AE/OFF AF/OFF ,30940.967,""
1780402931056,700,700,7.216,112.866,AE/OFF AF/OFF ,31743.583,""
1780402931093,700,700,7.216,113.442,AE/OFF AF/OFF ,31843.763,""
1780402931155,1080,1080,-1.000,-1.000,BUSY_DROP,-1.000,""
1780402931128,700,700,7.216,110.957,AE/OFF AF/OFF ,28869.804,""
1780402931194,700,700,7.216,114.099,AE/OFF AF/OFF ,24083.298,""
1780402931223,700,700,7.216,112.740,AE/OFF AF/OFF ,23019.233,""
1780402931258,700,700,7.216,111.646,AE/OFF AF/OFF ,22517.690,""
1780402931291,700,700,7.216,111.525,AE/OFF AF/OFF ,23084.722,""
1780402931333,700,700,7.216,109.496,AE/OFF AF/OFF ,25090.653,""
1780402931356,700,700,7.216,110.020,AE/OFF AF/OFF ,25763.112,""
1780402931394,700,700,7.216,106.825,AE/OFF AF/OFF ,27290.587,""
1780402931426,700,700,7.216,110.439,AE/OFF AF/OFF ,29519.520,""
1780402931458,700,700,7.216,109.747,AE/OFF AF/OFF ,30609.177,""
1780402931492,700,700,7.216,106.870,AE/OFF AF/OFF ,32005.300,""
1780402931528,700,700,7.216,108.922,AE/OFF AF/OFF ,34973.823,""
1780402931559,700,700,7.216,107.894,AE/OFF AF/OFF ,34173.332,""
1780402931590,700,700,7.216,105.912,AE/OFF AF/OFF ,35844.940,""
1780402931623,700,700,7.216,107.866,AE/OFF AF/OFF ,42930.682,""
1780402931663,700,700,7.216,108.191,AE/OFF AF/OFF ,44849.814,""
1780402931693,700,700,7.216,109.626,AE/OFF AF/OFF ,42750.920,""
1780402931723,700,700,7.216,109.905,AE/OFF AF/OFF ,41589.618,""
1780402931761,700,700,7.216,109.907,AE/OFF AF/OFF ,42143.782,""
1780402931794,700,700,7.216,108.843,AE/OFF AF/OFF ,40192.985,""
1780402931825,700,700,7.216,108.073,AE/OFF AF/OFF ,37512.308,""
1780402931890,1080,1080,-1.000,-1.000,BUSY_DROP,-1.000,""
1780402931865,700,700,7.216,109.571,AE/OFF AF/OFF ,33609.849,""
1780402931930,700,700,7.216,108.953,AE/OFF AF/OFF ,26148.700,""
1780402931956,700,700,7.216,110.542,AE/OFF AF/OFF ,23305.584,""
1780402931991,700,700,7.216,106.763,AE/OFF AF/OFF ,20507.905,""
1780402932026,700,700,7.216,112.509,AE/OFF AF/OFF ,20345.633,""
1780402932059,700,700,7.216,111.260,AE/OFF AF/OFF ,18606.607,""
1780402932098,700,700,7.216,110.421,AE/OFF AF/OFF ,21671.996,""
1780402932127,700,700,7.216,109.752,AE/OFF AF/OFF ,20694.424,""
1780402932158,700,700,7.216,109.592,AE/OFF AF/OFF ,20804.808,""
1780402932196,700,700,7.216,112.497,AE/OFF AF/OFF ,19868.411,""
1780402932227,700,700,7.216,112.746,AE/OFF AF/OFF ,22048.079,""
1780402932259,700,700,7.216,109.884,AE/OFF AF/OFF ,22153.171,""
1780402932290,700,700,7.216,111.417,AE/OFF AF/OFF ,20592.021,""
1780402932326,700,700,7.216,110.448,AE/OFF AF/OFF ,17870.766,""
1780402932361,700,700,7.216,108.083,AE/OFF AF/OFF ,14727.409,""
1780402932391,700,700,7.216,108.405,AE/OFF AF/OFF ,13120.596,""
1780402932424,700,700,7.216,106.935,AE/OFF AF/OFF ,10993.415,""
1780402932458,700,700,7.216,107.650,AE/OFF AF/OFF ,9720.396,""
1780402932494,700,700,7.216,106.009,AE/OFF AF/OFF ,9256.809,""
1780402932527,700,700,7.216,105.777,AE/OFF AF/OFF ,8895.461,""
1780402932558,700,700,7.216,104.984,AE/OFF AF/OFF ,8710.239,""
1780402932592,700,700,7.216,104.937,AE/OFF AF/OFF ,8643.295,""
1780402932625,700,700,7.216,105.519,AE/OFF AF/OFF ,8779.498,""
1780402932693,1080,1080,-1.000,-1.000,BUSY_DROP,-1.000,""
1780402932660,700,700,7.216,108.168,AE/OFF AF/OFF ,8853.403,""
1780402932726,700,700,7.216,106.528,AE/OFF AF/OFF ,8865.499,""
1780402932761,700,700,7.216,107.012,AE/OFF AF/OFF ,8825.795,""
1780402932794,700,700,7.216,105.564,AE/OFF AF/OFF ,7027.864,""
1780402932826,700,700,7.216,105.705,AE/OFF AF/OFF ,8239.619,""
1780402932859,700,700,7.216,104.500,AE/OFF AF/OFF ,7724.540,""
1780402932895,700,700,7.216,103.358,AE/OFF AF/OFF ,7247.939,""
1780402932959,1080,1080,-1.000,-1.000,BUSY_DROP,-1.000,""
1780402932930,700,700,7.216,101.972,AE/OFF AF/OFF ,6464.570,""
1780402932995,700,700,7.216,98.411,AE/OFF AF/OFF ,5805.461,""
1780402933026,700,700,7.216,95.642,AE/OFF AF/OFF ,4853.541,""
1780402933061,700,700,7.216,93.161,AE/OFF AF/OFF ,5029.224,""
1780402933096,700,700,7.216,90.741,AE/OFF AF/OFF ,5403.975,""
1780402933124,700,700,7.216,88.526,AE/OFF AF/OFF ,5062.849,""
1780402933159,700,700,7.216,88.044,AE/OFF AF/OFF ,5223.212,""
1780402933192,700,700,7.216,86.550,AE/OFF AF/OFF ,4675.386,""
1780402933227,700,700,7.216,88.367,AE/OFF AF/OFF ,4375.099,""
1780402933263,700,700,7.216,89.174,AE/OFF AF/OFF ,4594.540,""
1780402933294,700,700,7.216,89.512,AE/OFF AF/OFF ,4395.540,""
1780402933326,700,700,7.216,88.639,AE/OFF AF/OFF ,4256.686,""
1780402933360,700,700,7.216,89.223,AE/OFF AF/OFF ,4325.368,""
1780402933391,700,700,7.216,90.454,AE/OFF AF/OFF ,4395.837,""
1780402933427,700,700,7.216,91.396,AE/OFF AF/OFF ,4339.976,""
1780402933459,700,700,7.216,91.766,AE/OFF AF/OFF ,4516.214,""
1780402933492,700,700,7.216,92.394,AE/OFF AF/OFF ,4865.364,""
1780402933525,700,700,7.216,91.715,AE/OFF AF/OFF ,4543.603,""
1780402933558,700,700,7.216,92.059,AE/OFF AF/OFF ,6303.930,""
1780402933593,700,700,7.216,94.997,AE/OFF AF/OFF ,7066.033,""
1780402933660,1080,1080,-1.000,-1.000,BUSY_DROP,-1.000,""
1780402933629,700,700,7.216,97.811,AE/OFF AF/OFF ,8578.984,""
1780402933697,700,700,7.216,101.856,AE/OFF AF/OFF ,11951.631,""
1780402933727,700,700,5.817,103.921,AE/OFF AF/OFF ,12721.539,"00000242|1780399572404|KJVvEw1RVKhGolG55UP8Ds7hjk9EurbEvkV8LSPR7ZFAy7OQatQA9VtncyLbsYeMveb45plC8fK2Lpsah7fZBt9Ta4alphKZrjV5Z9IFD888t7mfk8LG3laIb9tlvTu4zdbSirC2TfZDtMlytP8xfefflX2RsKAKoh0Yqm9MMeB59HAzl..."
1780402933762,700,700,5.796,103.295,AE/OFF AF/OFF ,12666.892,"00000242|1780399572404|KJVvEw1RVKhGolG55UP8Ds7hjk9EurbEvkV8LSPR7ZFAy7OQatQA9VtncyLbsYeMveb45plC8fK2Lpsah7fZBt9Ta4alphKZrjV5Z9IFD888t7mfk8LG3laIb9tlvTu4zdbSirC2TfZDtMlytP8xfefflX2RsKAKoh0Yqm9MMeB59HAzl..."
1780402933795,700,700,5.746,101.882,AE/OFF AF/OFF ,11726.078,"00000242|1780399572404|KJVvEw1RVKhGolG55UP8Ds7hjk9EurbEvkV8LSPR7ZFAy7OQatQA9VtncyLbsYeMveb45plC8fK2Lpsah7fZBt9Ta4alphKZrjV5Z9IFD888t7mfk8LG3laIb9tlvTu4zdbSirC2TfZDtMlytP8xfefflX2RsKAKoh0Yqm9MMeB59HAzl..."
1780402933830,700,700,7.216,100.203,AE/OFF AF/OFF ,10242.227,""
1780402933874,700,700,7.216,100.155,AE/OFF AF/OFF ,8685.253,""
1780402933894,700,700,7.216,97.196,AE/OFF AF/OFF ,7667.152,""
1780402933931,700,700,7.216,95.945,AE/OFF AF/OFF ,7422.427,""
1780402933959,700,700,7.216,92.938,AE/OFF AF/OFF ,6980.251,""
1780402933996,700,700,7.216,90.202,AE/OFF AF/OFF ,6215.241,""
1780402934028,700,700,7.216,88.124,AE/OFF AF/OFF ,5173.489,""
1780402934061,700,700,7.216,86.075,AE/OFF AF/OFF ,5018.286,""
1780402934094,700,700,7.216,83.343,AE/OFF AF/OFF ,4556.274,""
1780402934125,700,700,7.216,82.473,AE/OFF AF/OFF ,4318.727,""
1780402934162,700,700,7.216,82.863,AE/OFF AF/OFF ,4143.452,""
1780402934203,700,700,7.216,82.401,AE/OFF AF/OFF ,4111.571,""
1780402934227,700,700,7.216,82.601,AE/OFF AF/OFF ,4155.789,""
1780402934264,700,700,7.216,81.920,AE/OFF AF/OFF ,4012.647,""
1780402934293,700,700,7.216,82.165,AE/OFF AF/OFF ,3995.014,""
1780402934328,700,700,7.216,83.250,AE/OFF AF/OFF ,3985.332,""
1780402934361,700,700,7.216,81.440,AE/OFF AF/OFF ,3936.379,""
1780402934396,700,700,7.216,84.064,AE/OFF AF/OFF ,4162.310,""
1780402934428,700,700,7.216,84.203,AE/OFF AF/OFF ,4319.111,""
1780402934461,700,700,7.216,84.488,AE/OFF AF/OFF ,4201.596,""
1780402934495,700,700,7.216,84.516,AE/OFF AF/OFF ,4206.933,""
1780402934526,700,700,7.216,84.726,AE/OFF AF/OFF ,4008.564,""
1780402934560,700,700,7.216,82.371,AE/OFF AF/OFF ,3720.968,""
1780402934596,700,700,7.216,81.238,AE/OFF AF/OFF ,3512.020,""
1780402934629,700,700,7.216,80.178,AE/OFF AF/OFF ,3309.069,""
1780402934660,700,700,7.216,78.542,AE/OFF AF/OFF ,3306.931,""
1780402934697,700,700,7.216,79.852,AE/OFF AF/OFF ,3235.663,""
1780402934733,700,700,7.216,81.510,AE/OFF AF/OFF ,3182.998,""
1780402934762,700,700,7.216,80.091,AE/OFF AF/OFF ,3255.808,""
1780402934794,700,700,7.216,79.921,AE/OFF AF/OFF ,3289.088,""
1780402934828,700,700,7.216,83.134,AE/OFF AF/OFF ,3298.306,""
1780402934862,700,700,7.216,83.005,AE/OFF AF/OFF ,3369.808,""
1780402934899,700,700,7.216,83.644,AE/OFF AF/OFF ,3359.659,""
1780402934929,700,700,7.216,84.039,AE/OFF AF/OFF ,3375.268,""
1780402934963,700,700,7.216,85.138,AE/OFF AF/OFF ,3413.864,""
1780402934994,700,700,7.216,86.246,AE/OFF AF/OFF ,3416.332,""
1780402935026,700,700,7.216,86.583,AE/OFF AF/OFF ,3417.593,""
1780402935061,700,700,7.216,87.912,AE/OFF AF/OFF ,3452.386,""
1780402935094,700,700,7.216,88.490,AE/OFF AF/OFF ,3448.870,""
1780402935129,700,700,7.216,89.401,AE/OFF AF/OFF ,3459.672,""
1780402935194,1080,1080,-1.000,-1.000,BUSY_DROP,-1.000,""
1780402935175,700,700,7.216,89.304,AE/OFF AF/OFF ,3397.990,""
1780402935231,700,700,7.216,88.928,AE/OFF AF/OFF ,3253.303,""
1780402935260,700,700,7.216,88.490,AE/OFF AF/OFF ,3130.118,""
1780402935297,700,700,7.216,88.528,AE/OFF AF/OFF ,3073.984,""
1780402935330,700,700,7.216,88.369,AE/OFF AF/OFF ,3020.917,""
1780402935362,700,700,7.216,88.103,AE/OFF AF/OFF ,2976.207,""
1780402935392,700,700,7.216,87.766,AE/OFF AF/OFF ,2940.684,""
1780402935427,700,700,7.216,87.551,AE/OFF AF/OFF ,2903.892,""
1780402935460,700,700,7.216,88.182,AE/OFF AF/OFF ,2766.781,""
1780402935496,700,700,7.216,90.330,AE/OFF AF/OFF ,2853.502,""
1780402935534,700,700,7.216,92.303,AE/OFF AF/OFF ,2962.689,""
1780402935561,700,700,7.216,93.663,AE/OFF AF/OFF ,3084.419,""
1780402935595,700,700,7.216,93.453,AE/OFF AF/OFF ,3248.048,""
1780402935636,700,700,7.216,93.958,AE/OFF AF/OFF ,3391.110,""
1780402935661,700,700,7.216,92.104,AE/OFF AF/OFF ,3201.342,""
1780402935694,700,700,7.216,94.190,AE/OFF AF/OFF ,3772.346,""
1780402935727,700,700,7.216,94.139,AE/OFF AF/OFF ,3914.837,""
1780402935763,700,700,7.216,94.127,AE/OFF AF/OFF ,4062.768,""
1780402935796,700,700,7.216,94.604,AE/OFF AF/OFF ,4200.996,""
1780402935827,700,700,7.216,95.429,AE/OFF AF/OFF ,4358.964,""
1780402935868,700,700,7.216,94.494,AE/OFF AF/OFF ,3616.506,""
1780402935898,700,700,7.216,96.336,AE/OFF AF/OFF ,4642.541,""
1780402935929,700,700,7.216,96.421,AE/OFF AF/OFF ,4778.376,""
1780402935962,700,700,7.216,96.715,AE/OFF AF/OFF ,4881.959,""
1780402935998,700,700,7.216,96.651,AE/OFF AF/OFF ,4953.028,""
1780402936031,700,700,7.216,96.495,AE/OFF AF/OFF ,5008.144,""
1780402936063,700,700,7.216,97.376,AE/OFF AF/OFF ,4924.522,""
1780402936094,700,700,7.216,97.278,AE/OFF AF/OFF ,4941.358,""
1780402936128,700,700,7.216,97.124,AE/OFF AF/OFF ,4963.056,""
1780402936163,700,700,7.216,97.068,AE/OFF AF/OFF ,4971.566,""
1780402936194,700,700,7.216,97.167,AE/OFF AF/OFF ,4995.223,""
1780402936231,700,700,7.216,96.753,AE/OFF AF/OFF ,4921.264,""
1780402936264,700,700,7.216,95.041,AE/OFF AF/OFF ,4672.999,""
1780402936297,700,700,7.216,95.501,AE/OFF AF/OFF ,4738.792,""
1780402936327,700,700,7.216,95.935,AE/OFF AF/OFF ,5189.759,""
1780402936361,700,700,7.216,96.496,AE/OFF AF/OFF ,5501.883,""
1780402936393,700,700,7.216,98.966,AE/OFF AF/OFF ,5718.944,""
1780402936429,700,700,7.216,98.134,AE/OFF AF/OFF ,6010.915,""
1780402936466,700,700,7.216,99.279,AE/OFF AF/OFF ,6350.039,""
1780402936499,700,700,7.216,100.519,AE/OFF AF/OFF ,6599.270,""
1780402936531,700,700,7.216,101.364,AE/OFF AF/OFF ,6798.970,""
1780402936562,700,700,7.216,101.479,AE/OFF AF/OFF ,6811.053,""
1780402936598,700,700,7.216,99.986,AE/OFF AF/OFF ,6553.907,""
1780402936627,700,700,7.216,98.308,AE/OFF AF/OFF ,6252.143,""
1780402936662,700,700,7.216,98.152,AE/OFF AF/OFF ,5808.173,""
1780402936695,700,700,7.216,95.027,AE/OFF AF/OFF ,5411.103,""
1780402936735,700,700,7.216,93.813,AE/OFF AF/OFF ,5256.713,""
1780402936763,700,700,7.216,93.129,AE/OFF AF/OFF ,5270.103,""
1780402936797,700,700,7.216,92.575,AE/OFF AF/OFF ,5206.070,""
1780402936830,700,700,7.216,93.225,AE/OFF AF/OFF ,5289.063,""
1780402936864,700,700,7.216,91.901,AE/OFF AF/OFF ,4338.878,""
1780402936896,700,700,7.216,93.364,AE/OFF AF/OFF ,5119.350,""
1780402936928,700,700,7.216,92.273,AE/OFF AF/OFF ,5018.568,""
1780402936962,700,700,7.216,92.560,AE/OFF AF/OFF ,4932.864,""
1780402936999,700,700,7.216,93.018,AE/OFF AF/OFF ,4883.970,""
1780402937030,700,700,7.216,92.934,AE/OFF AF/OFF ,4883.115,""
1780402937063,700,700,7.216,91.266,AE/OFF AF/OFF ,3722.810,""
1780402937097,700,700,7.216,91.644,AE/OFF AF/OFF ,4824.123,""
1780402937130,700,700,7.216,91.227,AE/OFF AF/OFF ,4854.535,""
1780402937169,700,700,7.216,91.301,AE/OFF AF/OFF ,4922.917,""
1780402937195,700,700,7.216,91.544,AE/OFF AF/OFF ,5050.291,""
1780402937233,700,700,7.216,92.531,AE/OFF AF/OFF ,5220.388,""
1780402937264,700,700,7.216,95.645,AE/OFF AF/OFF ,4117.206,""
1780402937297,700,700,7.216,98.148,AE/OFF AF/OFF ,5556.144,""
1780402937329,700,700,7.216,100.942,AE/OFF AF/OFF ,6038.626,""
1780402937362,700,700,7.216,101.791,AE/OFF AF/OFF ,6638.322,""
1780402937399,700,700,7.216,104.379,AE/OFF AF/OFF ,7497.800,""
1780402937464,1080,1080,-1.000,-1.000,BUSY_DROP,-1.000,""
1780402937441,700,700,7.216,104.950,AE/OFF AF/OFF ,8476.278,""
1780402937496,700,700,7.216,102.942,AE/OFF AF/OFF ,9778.135,""
1780402937533,700,700,7.216,103.353,AE/OFF AF/OFF ,9863.895,""
1780402937564,700,700,7.216,103.470,AE/OFF AF/OFF ,9696.735,""
1780402937597,700,700,7.216,105.171,AE/OFF AF/OFF ,9341.288,""
1780402937630,700,700,7.216,104.914,AE/OFF AF/OFF ,8828.875,""
1780402937668,700,700,7.216,102.848,AE/OFF AF/OFF ,8148.961,""
1780402937698,700,700,7.216,100.034,AE/OFF AF/OFF ,7347.147,""
1780402937729,700,700,7.216,98.617,AE/OFF AF/OFF ,6886.725,""
1780402937764,700,700,7.216,96.886,AE/OFF AF/OFF ,6547.306,""
1780402937796,700,700,7.216,95.743,AE/OFF AF/OFF ,6288.936,""
1780402937830,700,700,7.216,95.471,AE/OFF AF/OFF ,6091.359,""
1780402937868,700,700,7.216,95.752,AE/OFF AF/OFF ,5892.127,""
1780402937902,700,700,7.216,94.759,AE/OFF AF/OFF ,5931.883,""
1780402937929,700,700,7.216,93.915,AE/OFF AF/OFF ,5791.998,""
1780402937961,700,700,7.216,94.029,AE/OFF AF/OFF ,5549.523,""
1780402937996,700,700,7.216,93.707,AE/OFF AF/OFF ,5373.575,""
1780402938032,700,700,7.216,92.381,AE/OFF AF/OFF ,5186.166,""
1780402938071,700,700,7.216,90.679,AE/OFF AF/OFF ,5009.631,""
1780402938095,700,700,7.216,88.142,AE/OFF AF/OFF ,3671.929,""
1780402938131,700,700,7.216,89.772,AE/OFF AF/OFF ,4833.351,""
1780402938164,700,700,7.216,89.913,AE/OFF AF/OFF ,4812.556,""
1780402938196,700,700,7.216,89.801,AE/OFF AF/OFF ,4804.703,""
1780402938229,700,700,7.216,89.447,AE/OFF AF/OFF ,4871.751,""
1780402938262,700,700,7.216,91.003,AE/OFF AF/OFF ,4868.597,""
1780402938299,700,700,7.216,90.634,AE/OFF AF/OFF ,4866.358,""
1780402938328,700,700,7.216,92.041,AE/OFF AF/OFF ,4867.839,""
1780402938365,700,700,7.216,90.747,AE/OFF AF/OFF ,4691.107,""
1780402938397,700,700,7.216,90.220,AE/OFF AF/OFF ,4420.759,""
1780402938429,700,700,7.216,89.195,AE/OFF AF/OFF ,4027.150,""
1780402938464,700,700,7.216,86.678,AE/OFF AF/OFF ,3610.468,""
1780402938498,700,700,7.216,84.266,AE/OFF AF/OFF ,2845.846,""
1780402938544,700,700,7.216,82.800,AE/OFF AF/OFF ,3020.133,""
1780402938598,1080,1080,-1.000,-1.000,BUSY_DROP,-1.000,""
1780402938564,700,700,7.216,82.418,AE/OFF AF/OFF ,2854.180,""
1780402938630,700,700,7.216,82.087,AE/OFF AF/OFF ,2984.142,""
1780402938668,700,700,7.216,85.149,AE/OFF AF/OFF ,3288.081,""
1780402938698,700,700,7.216,87.635,AE/OFF AF/OFF ,3802.753,""
1780402938729,700,700,7.216,94.215,AE/OFF AF/OFF ,4841.758,""
1780402938765,700,700,7.216,101.108,AE/OFF AF/OFF ,5992.011,""
1780402938798,700,700,7.216,104.109,AE/OFF AF/OFF ,7412.055,""
1780402938833,700,700,7.216,102.218,AE/OFF AF/OFF ,9289.227,""
1780402938868,700,700,7.216,104.621,AE/OFF AF/OFF ,10852.687,""
1780402938897,700,700,7.216,105.918,AE/OFF AF/OFF ,12298.160,""
1780402938931,700,700,7.216,104.692,AE/OFF AF/OFF ,13099.584,""
1780402938965,700,700,5.832,107.902,AE/OFF AF/OFF ,13996.019,"00000268|1780399577685|egdJd07ETOhlEOjWyRXu42fv0P4XKjW4teuF6zZi13BYgJMPd1K1kc1G4sJaoi3LcbQ58onlcpc3lfUNmvUV6aJ4IqIMLRg3Vq5Ndfm7MOdUROJIimzH61S32laGMvqXkpXeoBxKuGqjXYDZEtRm36dmOf3ms9RcNMMSjRZnlIXyWObME..."
1780402938997,700,700,5.872,109.319,AE/OFF AF/OFF ,14924.771,"00000268|1780399577685|egdJd07ETOhlEOjWyRXu42fv0P4XKjW4teuF6zZi13BYgJMPd1K1kc1G4sJaoi3LcbQ58onlcpc3lfUNmvUV6aJ4IqIMLRg3Vq5Ndfm7MOdUROJIimzH61S32laGMvqXkpXeoBxKuGqjXYDZEtRm36dmOf3ms9RcNMMSjRZnlIXyWObME..."
1780402939032,700,700,7.216,109.272,AE/OFF AF/OFF ,15824.091,""
1780402939064,700,700,7.216,108.619,AE/OFF AF/OFF ,16643.564,""
1780402939099,700,700,5.990,107.606,AE/OFF AF/OFF ,17629.343,"00000268|1780399577685|egdJd07ETOhlEOjWyRXu42fv0P4XKjW4teuF6zZi13BYgJMPd1K1kc1G4sJaoi3LcbQ58onlcpc3lfUNmvUV6aJ4IqIMLRg3Vq5Ndfm7MOdUROJIimzH61S32laGMvqXkpXeoBxKuGqjXYDZEtRm36dmOf3ms9RcNMMSjRZnlIXyWObME..."
1780402939131,700,700,7.216,107.946,AE/OFF AF/OFF ,18549.508,""
1780402939165,700,700,7.216,108.529,AE/OFF AF/OFF ,19675.053,""
1780402939198,700,700,6.109,108.995,AE/OFF AF/OFF ,20464.879,"00000269|1780399577887|HYGyZXBBZuhRExqC12GBXGLoLjimE5Pg1kdas3fPhCvZiNlbb1NoU8pnzx0Ri847AqAUQpRl4HEnNgWYdnKi0doUZNGxWfcMIsxuRJ7ihrB1y5dwlVKcg221wdFhW14B50AEKcVry6CngoardmqXonudtWm7uBbSUrCtDz3cw30gwO9eM..."
1780402939231,700,700,7.216,110.678,AE/OFF AF/OFF ,20928.461,""
1780402939264,700,700,7.216,111.120,AE/OFF AF/OFF ,20825.107,""
1780402939301,700,700,7.216,110.328,AE/OFF AF/OFF ,20499.549,""
1780402939335,700,700,7.216,108.057,AE/OFF AF/OFF ,19883.231,""
1780402939368,700,700,7.216,106.920,AE/OFF AF/OFF ,19295.016,""
1780402939400,700,700,7.216,104.137,AE/OFF AF/OFF ,18791.088,""
1780402939430,700,700,7.216,103.138,AE/OFF AF/OFF ,18120.952,""
1780402939467,700,700,7.216,105.785,AE/OFF AF/OFF ,17446.928,""
1780402939502,700,700,7.216,105.119,AE/OFF AF/OFF ,17051.271,""
1780402939531,700,700,7.216,108.612,AE/OFF AF/OFF ,16725.324,""
1780402939571,700,700,7.216,107.558,AE/OFF AF/OFF ,16805.613,""
1780402939597,700,700,7.216,108.290,AE/OFF AF/OFF ,17055.259,""
1780402939636,700,700,7.216,108.779,AE/OFF AF/OFF ,17465.379,""
1780402939666,700,700,7.216,108.550,AE/OFF AF/OFF ,17850.669,""
1780402939702,700,700,7.216,107.923,AE/OFF AF/OFF ,18134.916,""
1780402939732,700,700,7.216,103.467,AE/OFF AF/OFF ,18830.528,""
1780402939765,700,700,7.216,105.653,AE/OFF AF/OFF ,18838.952,""
1780402939799,700,700,7.216,107.317,AE/OFF AF/OFF ,18644.324,""
1780402939832,700,700,7.216,107.260,AE/OFF AF/OFF ,18371.323,""
1780402939865,700,700,7.216,106.069,AE/OFF AF/OFF ,18170.660,""
1780402939901,700,700,7.216,106.541,AE/OFF AF/OFF ,18096.119,""
1780402939933,700,700,7.216,107.036,AE/OFF AF/OFF ,17203.298,""
1780402939965,700,700,7.216,106.690,AE/OFF AF/OFF ,17166.782,""
1780402940000,700,700,7.216,106.796,AE/OFF AF/OFF ,17228.166,""
1780402940033,700,700,7.216,107.182,AE/OFF AF/OFF ,17374.607,""
1780402940069,700,700,7.216,107.277,AE/OFF AF/OFF ,18178.160,""
1780402940102,700,700,7.216,106.375,AE/OFF AF/OFF ,18965.257,""
1780402940136,700,700,7.216,103.267,AE/OFF AF/OFF ,19611.717,""
1780402940169,700,700,6.109,103.255,AE/OFF AF/OFF ,20780.193,"00000274|1780399578901|ECcGdQgn0DtXiLsSjwGIi86lq1Q5O0eBqTY1h72n7jv6lmCBz5AWG98y8z3pJsI8My3pNewRGTabXrqK8cTujYGKzMzwjFISRv5mpVyGk52G9MmEwVCcbXRjAWATSccPyss3b19JYmhSlcJnCaqPfyMVSaYiK1Ic0OtaQKKnXa1ZGM4s6..."
1780402940200,700,700,6.156,103.663,AE/OFF AF/OFF ,21986.982,"00000274|1780399578901|ECcGdQgn0DtXiLsSjwGIi86lq1Q5O0eBqTY1h72n7jv6lmCBz5AWG98y8z3pJsI8My3pNewRGTabXrqK8cTujYGKzMzwjFISRv5mpVyGk52G9MmEwVCcbXRjAWATSccPyss3b19JYmhSlcJnCaqPfyMVSaYiK1Ic0OtaQKKnXa1ZGM4s6..."
1780402940232,700,700,6.218,104.755,AE/OFF AF/OFF ,24081.438,"00000274|1780399578901|ECcGdQgn0DtXiLsSjwGIi86lq1Q5O0eBqTY1h72n7jv6lmCBz5AWG98y8z3pJsI8My3pNewRGTabXrqK8cTujYGKzMzwjFISRv5mpVyGk52G9MmEwVCcbXRjAWATSccPyss3b19JYmhSlcJnCaqPfyMVSaYiK1Ic0OtaQKKnXa1ZGM4s6..."
1780402940267,700,700,6.287,109.384,AE/OFF AF/OFF ,26536.496,"00000274|1780399578901|ECcGdQgn0DtXiLsSjwGIi86lq1Q5O0eBqTY1h72n7jv6lmCBz5AWG98y8z3pJsI8My3pNewRGTabXrqK8cTujYGKzMzwjFISRv5mpVyGk52G9MmEwVCcbXRjAWATSccPyss3b19JYmhSlcJnCaqPfyMVSaYiK1Ic0OtaQKKnXa1ZGM4s6..."
1780402940301,700,700,6.386,112.599,AE/OFF AF/OFF ,29377.071,"00000274|1780399578901|ECcGdQgn0DtXiLsSjwGIi86lq1Q5O0eBqTY1h72n7jv6lmCBz5AWG98y8z3pJsI8My3pNewRGTabXrqK8cTujYGKzMzwjFISRv5mpVyGk52G9MmEwVCcbXRjAWATSccPyss3b19JYmhSlcJnCaqPfyMVSaYiK1Ic0OtaQKKnXa1ZGM4s6..."
1780402940333,700,700,6.473,111.631,AE/OFF AF/OFF ,32145.782,"00000275|1780399579105|Q8ctE0z2f9coU1DUkQyLY1JwYgUbQScx6AxMNGnXUl1dYWYMwrfffU9DAo0r7E5g03h4epXBFu5UKaMOv9SN9Xf8DEWYopeu4gGGd6KK3bOP7NxrXFL7NfqSxRiiGLfkkBTGlzWH4ctmL5zvYi7UzdSiqfWNol38usY0d9rn3LcxPLQat..."
1780402940369,700,700,7.216,112.377,AE/OFF AF/OFF ,35080.973,""
1780402940400,700,700,6.546,111.043,AE/OFF AF/OFF ,35285.774,"00000275|1780399579105|Q8ctE0z2f9coU1DUkQyLY1JwYgUbQScx6AxMNGnXUl1dYWYMwrfffU9DAo0r7E5g03h4epXBFu5UKaMOv9SN9Xf8DEWYopeu4gGGd6KK3bOP7NxrXFL7NfqSxRiiGLfkkBTGlzWH4ctmL5zvYi7UzdSiqfWNol38usY0d9rn3LcxPLQat..."
1780402940435,700,700,6.528,111.357,AE/OFF AF/OFF ,34978.294,"00000275|1780399579105|Q8ctE0z2f9coU1DUkQyLY1JwYgUbQScx6AxMNGnXUl1dYWYMwrfffU9DAo0r7E5g03h4epXBFu5UKaMOv9SN9Xf8DEWYopeu4gGGd6KK3bOP7NxrXFL7NfqSxRiiGLfkkBTGlzWH4ctmL5zvYi7UzdSiqfWNol38usY0d9rn3LcxPLQat..."
1780402940464,700,700,6.496,107.892,AE/OFF AF/OFF ,33657.185,"00000275|1780399579105|Q8ctE0z2f9coU1DUkQyLY1JwYgUbQScx6AxMNGnXUl1dYWYMwrfffU9DAo0r7E5g03h4epXBFu5UKaMOv9SN9Xf8DEWYopeu4gGGd6KK3bOP7NxrXFL7NfqSxRiiGLfkkBTGlzWH4ctmL5zvYi7UzdSiqfWNol38usY0d9rn3LcxPLQat..."
1780402940503,700,700,7.216,107.615,AE/OFF AF/OFF ,24443.448,""
1780402940535,700,700,7.216,107.008,AE/OFF AF/OFF ,30435.129,""
1780402940569,700,700,7.216,106.628,AE/OFF AF/OFF ,29463.089,""
1780402940599,700,700,7.216,107.201,AE/OFF AF/OFF ,29004.078,""
1780402940633,700,700,6.379,109.299,AE/OFF AF/OFF ,28955.123,"00000276|1780399579308|zLWgyhDQQibjgYyXV8LDgEBi0szNscu5KQfuwSiqE4isqDcbiV3Y0srmcz01HARVCQIs4wPG6xB6yCoAClt6RcYrY0r9fKDH3VW8yWHVPtmyHXYdmYuY7vKFUmlayANDE6VYQKAGWIP2VZ1sOpuZF6zodjJ9wM9dEBoT7HSWVXKvohRR6..."
1780402940669,700,700,6.397,110.445,AE/OFF AF/OFF ,29529.697,"00000276|1780399579308|zLWgyhDQQibjgYyXV8LDgEBi0szNscu5KQfuwSiqE4isqDcbiV3Y0srmcz01HARVCQIs4wPG6xB6yCoAClt6RcYrY0r9fKDH3VW8yWHVPtmyHXYdmYuY7vKFUmlayANDE6VYQKAGWIP2VZ1sOpuZF6zodjJ9wM9dEBoT7HSWVXKvohRR6..."
1780402940703,700,700,6.404,108.697,AE/OFF AF/OFF ,29960.317,"00000276|1780399579308|zLWgyhDQQibjgYyXV8LDgEBi0szNscu5KQfuwSiqE4isqDcbiV3Y0srmcz01HARVCQIs4wPG6xB6yCoAClt6RcYrY0r9fKDH3VW8yWHVPtmyHXYdmYuY7vKFUmlayANDE6VYQKAGWIP2VZ1sOpuZF6zodjJ9wM9dEBoT7HSWVXKvohRR6..."
1780402940733,700,700,6.401,105.313,AE/OFF AF/OFF ,29003.102,"00000277|1780399579512|bsfqzVCLkyuuVRLKdkR5JuoGdxpANVXyWevaKVECFsJPbFshxA5ua67asXS0ipmLJ8ijJJ12p8cJz2youvVkxhZ0gIXU7wKhZ46N6kOFTpQjifbY62dZcaLCgv304Hdl8DZULsNtbZxCx0qujZkxwCrIE3qLg5rPl9nCGV9TXLWerH0Tc..."
1780402940766,700,700,6.408,108.811,AE/OFF AF/OFF ,30660.340,"00000277|1780399579512|bsfqzVCLkyuuVRLKdkR5JuoGdxpANVXyWevaKVECFsJPbFshxA5ua67asXS0ipmLJ8ijJJ12p8cJz2youvVkxhZ0gIXU7wKhZ46N6kOFTpQjifbY62dZcaLCgv304Hdl8DZULsNtbZxCx0qujZkxwCrIE3qLg5rPl9nCGV9TXLWerH0Tc..."
1780402940800,700,700,6.404,110.562,AE/OFF AF/OFF ,30740.200,"00000277|1780399579512|bsfqzVCLkyuuVRLKdkR5JuoGdxpANVXyWevaKVECFsJPbFshxA5ua67asXS0ipmLJ8ijJJ12p8cJz2youvVkxhZ0gIXU7wKhZ46N6kOFTpQjifbY62dZcaLCgv304Hdl8DZULsNtbZxCx0qujZkxwCrIE3qLg5rPl9nCGV9TXLWerH0Tc..."
1780402940832,700,700,6.404,110.277,AE/OFF AF/OFF ,30637.935,"00000277|1780399579512|bsfqzVCLkyuuVRLKdkR5JuoGdxpANVXyWevaKVECFsJPbFshxA5ua67asXS0ipmLJ8ijJJ12p8cJz2youvVkxhZ0gIXU7wKhZ46N6kOFTpQjifbY62dZcaLCgv304Hdl8DZULsNtbZxCx0qujZkxwCrIE3qLg5rPl9nCGV9TXLWerH0Tc..."
1780402940870,700,700,6.408,110.651,AE/OFF AF/OFF ,30919.091,"00000277|1780399579512|bsfqzVCLkyuuVRLKdkR5JuoGdxpANVXyWevaKVECFsJPbFshxA5ua67asXS0ipmLJ8ijJJ12p8cJz2youvVkxhZ0gIXU7wKhZ46N6kOFTpQjifbY62dZcaLCgv304Hdl8DZULsNtbZxCx0qujZkxwCrIE3qLg5rPl9nCGV9TXLWerH0Tc..."
1780402940902,700,700,6.419,111.298,AE/OFF AF/OFF ,31142.209,"00000277|1780399579512|bsfqzVCLkyuuVRLKdkR5JuoGdxpANVXyWevaKVECFsJPbFshxA5ua67asXS0ipmLJ8ijJJ12p8cJz2youvVkxhZ0gIXU7wKhZ46N6kOFTpQjifbY62dZcaLCgv304Hdl8DZULsNtbZxCx0qujZkxwCrIE3qLg5rPl9nCGV9TXLWerH0Tc..."
1780402940935,700,700,7.216,108.999,AE/OFF AF/OFF ,31445.572,""
1780402940966,700,700,6.422,109.446,AE/OFF AF/OFF ,31777.317,"00000278|1780399579714|gsQvNotTK50NhOTLWD5vXVV5O3wFe7VU0HVkFciGp2vrrAn25F5O8oNAHHUARQpfLdEUjXtXPng4HtZYSYVZqwfCbKF1OOxl7G2EXhMqqkimLTIcvmoFqBp7qL2HQWmP21tLarmo0gd8pVwcR4TdqBJMmctm02IHVBcPGJu57KbYKHPOy..."
1780402941000,700,700,6.419,109.117,AE/OFF AF/OFF ,31652.369,"00000278|1780399579714|gsQvNotTK50NhOTLWD5vXVV5O3wFe7VU0HVkFciGp2vrrAn25F5O8oNAHHUARQpfLdEUjXtXPng4HtZYSYVZqwfCbKF1OOxl7G2EXhMqqkimLTIcvmoFqBp7qL2HQWmP21tLarmo0gd8pVwcR4TdqBJMmctm02IHVBcPGJu57KbYKHPOy..."
1780402941031,700,700,6.419,108.255,AE/OFF AF/OFF ,31294.788,"00000278|1780399579714|gsQvNotTK50NhOTLWD5vXVV5O3wFe7VU0HVkFciGp2vrrAn25F5O8oNAHHUARQpfLdEUjXtXPng4HtZYSYVZqwfCbKF1OOxl7G2EXhMqqkimLTIcvmoFqBp7qL2HQWmP21tLarmo0gd8pVwcR4TdqBJMmctm02IHVBcPGJu57KbYKHPOy..."
1780402941069,700,700,6.397,106.843,AE/OFF AF/OFF ,30880.110,"00000278|1780399579714|gsQvNotTK50NhOTLWD5vXVV5O3wFe7VU0HVkFciGp2vrrAn25F5O8oNAHHUARQpfLdEUjXtXPng4HtZYSYVZqwfCbKF1OOxl7G2EXhMqqkimLTIcvmoFqBp7qL2HQWmP21tLarmo0gd8pVwcR4TdqBJMmctm02IHVBcPGJu57KbYKHPOy..."
1780402941101,700,700,6.386,105.116,AE/OFF AF/OFF ,30445.032,"00000278|1780399579714|gsQvNotTK50NhOTLWD5vXVV5O3wFe7VU0HVkFciGp2vrrAn25F5O8oNAHHUARQpfLdEUjXtXPng4HtZYSYVZqwfCbKF1OOxl7G2EXhMqqkimLTIcvmoFqBp7qL2HQWmP21tLarmo0gd8pVwcR4TdqBJMmctm02IHVBcPGJu57KbYKHPOy..."
1780402941136,700,700,6.386,105.453,AE/OFF AF/OFF ,30004.327,"00000279|1780399579916|wtxWRQAUBckiI6cvQptzbBXSoyLFF9tp47qolxiy2S4HoBNYJVNupjoaZA96BmWNDJq3VzhYSM3RUuGzyxygfm7ue93KY8904TbQHf4KEG2Py1W3qkZsaZG47aWS85cUMFoOP6tABorauGL0bdimnhPpInXkShFI2m6IsrEruMzb70V4V..."
1780402941171,700,700,6.393,106.582,AE/OFF AF/OFF ,30354.793,"00000279|1780399579916|wtxWRQAUBckiI6cvQptzbBXSoyLFF9tp47qolxiy2S4HoBNYJVNupjoaZA96BmWNDJq3VzhYSM3RUuGzyxygfm7ue93KY8904TbQHf4KEG2Py1W3qkZsaZG47aWS85cUMFoOP6tABorauGL0bdimnhPpInXkShFI2m6IsrEruMzb70V4V..."
1780402941200,700,700,6.404,110.865,AE/OFF AF/OFF ,30986.565,"00000279|1780399579916|wtxWRQAUBckiI6cvQptzbBXSoyLFF9tp47qolxiy2S4HoBNYJVNupjoaZA96BmWNDJq3VzhYSM3RUuGzyxygfm7ue93KY8904TbQHf4KEG2Py1W3qkZsaZG47aWS85cUMFoOP6tABorauGL0bdimnhPpInXkShFI2m6IsrEruMzb70V4V..."
1780402941235,700,700,6.426,109.217,AE/OFF AF/OFF ,31492.413,"00000279|1780399579916|wtxWRQAUBckiI6cvQptzbBXSoyLFF9tp47qolxiy2S4HoBNYJVNupjoaZA96BmWNDJq3VzhYSM3RUuGzyxygfm7ue93KY8904TbQHf4KEG2Py1W3qkZsaZG47aWS85cUMFoOP6tABorauGL0bdimnhPpInXkShFI2m6IsrEruMzb70V4V..."
1780402941266,700,700,6.441,106.211,AE/OFF AF/OFF ,32037.056,"00000279|1780399579916|wtxWRQAUBckiI6cvQptzbBXSoyLFF9tp47qolxiy2S4HoBNYJVNupjoaZA96BmWNDJq3VzhYSM3RUuGzyxygfm7ue93KY8904TbQHf4KEG2Py1W3qkZsaZG47aWS85cUMFoOP6tABorauGL0bdimnhPpInXkShFI2m6IsrEruMzb70V4V..."
1780402941301,700,700,6.452,105.077,AE/OFF AF/OFF ,32440.473,"00000279|1780399579916|wtxWRQAUBckiI6cvQptzbBXSoyLFF9tp47qolxiy2S4HoBNYJVNupjoaZA96BmWNDJq3VzhYSM3RUuGzyxygfm7ue93KY8904TbQHf4KEG2Py1W3qkZsaZG47aWS85cUMFoOP6tABorauGL0bdimnhPpInXkShFI2m6IsrEruMzb70V4V..."
1780402941337,700,700,6.448,104.765,AE/OFF AF/OFF ,32466.209,"00000279|1780399579916|wtxWRQAUBckiI6cvQptzbBXSoyLFF9tp47qolxiy2S4HoBNYJVNupjoaZA96BmWNDJq3VzhYSM3RUuGzyxygfm7ue93KY8904TbQHf4KEG2Py1W3qkZsaZG47aWS85cUMFoOP6tABorauGL0bdimnhPpInXkShFI2m6IsrEruMzb70V4V..."
1780402941367,700,700,6.448,108.910,AE/OFF AF/OFF ,31599.002,"00000280|1780399580120|gJdUsJshP1iUxoO1EnY881oLtHfzflWJoHH8a9rOSkt7g0V98ad1aMrjnNEEZvj5dAgkzIm39ns9sJeQFqyODDlpKMOqvrDGF4z8b5CHIljufOn1rYgkiSBryESLg2O91d5pozkN6B14dNU6TIrBX6Z26eIZ5pEwGJtbtTUJMexfFAH8A..."
1780402941400,700,700,6.448,108.932,AE/OFF AF/OFF ,31248.709,"00000280|1780399580120|gJdUsJshP1iUxoO1EnY881oLtHfzflWJoHH8a9rOSkt7g0V98ad1aMrjnNEEZvj5dAgkzIm39ns9sJeQFqyODDlpKMOqvrDGF4z8b5CHIljufOn1rYgkiSBryESLg2O91d5pozkN6B14dNU6TIrBX6Z26eIZ5pEwGJtbtTUJMexfFAH8A..."
1780402941437,700,700,6.437,109.747,AE/OFF AF/OFF ,31406.671,"00000280|1780399580120|gJdUsJshP1iUxoO1EnY881oLtHfzflWJoHH8a9rOSkt7g0V98ad1aMrjnNEEZvj5dAgkzIm39ns9sJeQFqyODDlpKMOqvrDGF4z8b5CHIljufOn1rYgkiSBryESLg2O91d5pozkN6B14dNU6TIrBX6Z26eIZ5pEwGJtbtTUJMexfFAH8A..."
1780402941467,700,700,6.441,109.599,AE/OFF AF/OFF ,31299.026,"00000280|1780399580120|gJdUsJshP1iUxoO1EnY881oLtHfzflWJoHH8a9rOSkt7g0V98ad1aMrjnNEEZvj5dAgkzIm39ns9sJeQFqyODDlpKMOqvrDGF4z8b5CHIljufOn1rYgkiSBryESLg2O91d5pozkN6B14dNU6TIrBX6Z26eIZ5pEwGJtbtTUJMexfFAH8A..."
1780402941499,700,700,6.452,109.285,AE/OFF AF/OFF ,31612.685,"00000280|1780399580120|gJdUsJshP1iUxoO1EnY881oLtHfzflWJoHH8a9rOSkt7g0V98ad1aMrjnNEEZvj5dAgkzIm39ns9sJeQFqyODDlpKMOqvrDGF4z8b5CHIljufOn1rYgkiSBryESLg2O91d5pozkN6B14dNU6TIrBX6Z26eIZ5pEwGJtbtTUJMexfFAH8A..."
1780402941533,700,700,6.463,105.576,AE/OFF AF/OFF ,31937.623,"00000281|1780399580323|YEzupIX6ti2PmmWLrCA67M7woZRAf9HAHZPqx9DskaBmblcpPW2xGPhfXa6MM71SiMK6MyZMIEh2n0WuNR2A1HtJTHVOmRqZEWhLNUGu1jSD0Ry8KDATuPMLM9UOd1fD1rogy5QFDdxaVqLx7JAd5LusjR9V75goCABQ9pTN0PTcw3GM9..."
1780402941570,700,700,7.216,105.799,AE/OFF AF/OFF ,32141.322,""
1780402941599,700,700,7.216,106.576,AE/OFF AF/OFF ,32366.632,""
1780402941632,700,700,7.216,105.290,AE/OFF AF/OFF ,32112.258,""
1780402941666,700,700,6.455,105.554,AE/OFF AF/OFF ,31671.180,"00000281|1780399580323|YEzupIX6ti2PmmWLrCA67M7woZRAf9HAHZPqx9DskaBmblcpPW2xGPhfXa6MM71SiMK6MyZMIEh2n0WuNR2A1HtJTHVOmRqZEWhLNUGu1jSD0Ry8KDATuPMLM9UOd1fD1rogy5QFDdxaVqLx7JAd5LusjR9V75goCABQ9pTN0PTcw3GM9..."
1780402941701,700,700,7.216,106.442,AE/OFF AF/OFF ,31230.145,""
1780402941738,700,700,7.216,106.099,AE/OFF AF/OFF ,29408.383,""
1780402941771,700,700,7.216,111.138,AE/OFF AF/OFF ,30840.687,""
1780402941799,700,700,7.216,107.571,AE/OFF AF/OFF ,30480.786,""
1780402941833,700,700,7.216,105.781,AE/OFF AF/OFF ,30526.696,""
1780402941870,700,700,7.216,106.185,AE/OFF AF/OFF ,30704.495,""
1780402941902,700,700,7.216,104.765,AE/OFF AF/OFF ,31272.787,""
1780402941932,700,700,7.216,105.816,AE/OFF AF/OFF ,31751.461,""
1780402941968,700,700,7.216,111.133,AE/OFF AF/OFF ,32314.174,""
1780402942004,700,700,6.506,108.664,AE/OFF AF/OFF ,33174.840,"00000283|1780399580729|qrexkDPcaxsfeoS9dOPJYVkfNMENQleDZ76MKSDMuyTRRRzymlPabD6Dumev84qayXsZLg5EoiIGOzoePU3ThohDHCFOTHIhjkL1Q3PRzvAeMIwbkqTSLVEw96wErqX7XUegQoGNTdJb4GzrAINVb4aRnn5rCQYqtQCso1RX41rJ2mQ28..."
1780402942041,700,700,7.216,106.424,AE/OFF AF/OFF ,33489.905,""
1780402942066,700,700,7.216,106.401,AE/OFF AF/OFF ,33486.575,""
1780402942101,700,700,6.506,107.472,AE/OFF AF/OFF ,33181.318,"00000283|1780399580729|qrexkDPcaxsfeoS9dOPJYVkfNMENQleDZ76MKSDMuyTRRRzymlPabD6Dumev84qayXsZLg5EoiIGOzoePU3ThohDHCFOTHIhjkL1Q3PRzvAeMIwbkqTSLVEw96wErqX7XUegQoGNTdJb4GzrAINVb4aRnn5rCQYqtQCso1RX41rJ2mQ28..."
1780402942135,700,700,6.499,104.863,AE/OFF AF/OFF ,29730.811,"00000284|1780399580932|k9JWUx0w8xBPgBSonhYVOZcT3lpygHmRoeVLIPHMWODr21IyBAnVAtlsTu1EdO5NbNZmgnWpzZXFOKiCqnbgFlfXFD4x07blBFloSL2yiCfSey1VE74560ElBAsXVUO31s0e3DcTep4tg6btpjcf1uNTeECNWthTHOUmwhSh5Ru7bSCyt..."
1780402942167,700,700,7.216,106.619,AE/OFF AF/OFF ,32951.134,""
1780402942204,700,700,6.539,109.196,AE/OFF AF/OFF ,33343.304,"00000284|1780399580932|k9JWUx0w8xBPgBSonhYVOZcT3lpygHmRoeVLIPHMWODr21IyBAnVAtlsTu1EdO5NbNZmgnWpzZXFOKiCqnbgFlfXFD4x07blBFloSL2yiCfSey1VE74560ElBAsXVUO31s0e3DcTep4tg6btpjcf1uNTeECNWthTHOUmwhSh5Ru7bSCyt..."
1780402942237,700,700,7.216,107.761,AE/OFF AF/OFF ,34780.999,""
1780402942266,700,700,7.216,109.681,AE/OFF AF/OFF ,35328.906,""
1780402942303,700,700,7.216,107.144,AE/OFF AF/OFF ,35012.706,""
1780402942335,700,700,7.216,107.451,AE/OFF AF/OFF ,34305.651,""
1780402942373,700,700,6.533,108.909,AE/OFF AF/OFF ,32590.983,"00000285|1780399581135|6Ro0m6D4p9olUEgKDESItOvSAJfcoSp7hWbt1Hr9mWh6Znek4NdLkkWgj6zl7F9YGgzDKizI45rj7RrdbKodkSLzAZJR0BUaLBoLQi7Hvqlr1zP6UHaxXG8IyLk6jgNWubAWS5rzj0cPAR8T3WJ2hVURMEaoR7yqCIIkk7gZULBvoU10z..."
1780402942403,700,700,6.500,105.283,AE/OFF AF/OFF ,31808.228,"00000285|1780399581135|6Ro0m6D4p9olUEgKDESItOvSAJfcoSp7hWbt1Hr9mWh6Znek4NdLkkWgj6zl7F9YGgzDKizI45rj7RrdbKodkSLzAZJR0BUaLBoLQi7Hvqlr1zP6UHaxXG8IyLk6jgNWubAWS5rzj0cPAR8T3WJ2hVURMEaoR7yqCIIkk7gZULBvoU10z..."
1780402942436,700,700,7.216,105.548,AE/OFF AF/OFF ,31172.802,""
1780402942467,700,700,7.216,108.516,AE/OFF AF/OFF ,31267.278,""
1780402942500,700,700,6.481,105.530,AE/OFF AF/OFF ,30378.010,"00000285|1780399581135|6Ro0m6D4p9olUEgKDESItOvSAJfcoSp7hWbt1Hr9mWh6Znek4NdLkkWgj6zl7F9YGgzDKizI45rj7RrdbKodkSLzAZJR0BUaLBoLQi7Hvqlr1zP6UHaxXG8IyLk6jgNWubAWS5rzj0cPAR8T3WJ2hVURMEaoR7yqCIIkk7gZULBvoU10z..."
1780402942535,700,700,7.216,109.008,AE/OFF AF/OFF ,22982.149,""
1780402942567,700,700,6.473,105.953,AE/OFF AF/OFF ,31120.584,"00000286|1780399581338|bvtbzsxIqpYrHNBSEG2TuFtT6oLp98HwDvlYyIGRfayD0EU14UvvXDro86hY0198Rg6kCMPO1Zo9PYDoGq7aNrbJsBP1WcQxkp6Naejbg1JcelMZmvwUVLtceXAsG2MLzyVUL6eEt315JsFcMeM8Pj6XQZlwx3rotQD2hi4U7srCl5dRs..."
1780402942602,700,700,7.216,103.421,AE/OFF AF/OFF ,31067.356,""
1780402942638,700,700,7.216,103.317,AE/OFF AF/OFF ,31342.505,""
1780402942669,700,700,6.499,106.899,AE/OFF AF/OFF ,31066.279,"00000286|1780399581338|bvtbzsxIqpYrHNBSEG2TuFtT6oLp98HwDvlYyIGRfayD0EU14UvvXDro86hY0198Rg6kCMPO1Zo9PYDoGq7aNrbJsBP1WcQxkp6Naejbg1JcelMZmvwUVLtceXAsG2MLzyVUL6eEt315JsFcMeM8Pj6XQZlwx3rotQD2hi4U7srCl5dRs..."
1780402942704,700,700,6.510,108.608,AE/OFF AF/OFF ,32546.426,"00000286|1780399581338|bvtbzsxIqpYrHNBSEG2TuFtT6oLp98HwDvlYyIGRfayD0EU14UvvXDro86hY0198Rg6kCMPO1Zo9PYDoGq7aNrbJsBP1WcQxkp6Naejbg1JcelMZmvwUVLtceXAsG2MLzyVUL6eEt315JsFcMeM8Pj6XQZlwx3rotQD2hi4U7srCl5dRs..."
1780402942737,700,700,6.534,107.734,AE/OFF AF/OFF ,33181.686,"00000286|1780399581338|bvtbzsxIqpYrHNBSEG2TuFtT6oLp98HwDvlYyIGRfayD0EU14UvvXDro86hY0198Rg6kCMPO1Zo9PYDoGq7aNrbJsBP1WcQxkp6Naejbg1JcelMZmvwUVLtceXAsG2MLzyVUL6eEt315JsFcMeM8Pj6XQZlwx3rotQD2hi4U7srCl5dRs..."
1780402942772,700,700,6.546,108.186,AE/OFF AF/OFF ,33367.350,"00000287|1780399581541|A2R8tqRtYluq9WvakRYPNevNZwuKlhWANSan6G0RFDNATgSWWBtNiPIJxLLWaT1WPiEus0gjSSk8SS3QbQTOdb74YfrfqLAXzh8mpgRnjwTAUAFaqumkgIuNzqr6Xlsa8iiQ3NPg31eT7C3L0GY2jfbaFIG49OFwcoAL7vJb0Ob1xiNRw..."
1780402942800,700,700,6.550,106.093,AE/OFF AF/OFF ,34375.508,"00000287|1780399581541|A2R8tqRtYluq9WvakRYPNevNZwuKlhWANSan6G0RFDNATgSWWBtNiPIJxLLWaT1WPiEus0gjSSk8SS3QbQTOdb74YfrfqLAXzh8mpgRnjwTAUAFaqumkgIuNzqr6Xlsa8iiQ3NPg31eT7C3L0GY2jfbaFIG49OFwcoAL7vJb0Ob1xiNRw..."
1780402942837,700,700,6.559,104.698,AE/OFF AF/OFF ,34742.640,"00000287|1780399581541|A2R8tqRtYluq9WvakRYPNevNZwuKlhWANSan6G0RFDNATgSWWBtNiPIJxLLWaT1WPiEus0gjSSk8SS3QbQTOdb74YfrfqLAXzh8mpgRnjwTAUAFaqumkgIuNzqr6Xlsa8iiQ3NPg31eT7C3L0GY2jfbaFIG49OFwcoAL7vJb0Ob1xiNRw..."
1780402942870,700,700,6.565,108.580,AE/OFF AF/OFF ,34783.036,"00000287|1780399581541|A2R8tqRtYluq9WvakRYPNevNZwuKlhWANSan6G0RFDNATgSWWBtNiPIJxLLWaT1WPiEus0gjSSk8SS3QbQTOdb74YfrfqLAXzh8mpgRnjwTAUAFaqumkgIuNzqr6Xlsa8iiQ3NPg31eT7C3L0GY2jfbaFIG49OFwcoAL7vJb0Ob1xiNRw..."
1780402942908,700,700,7.216,107.560,AE/OFF AF/OFF ,34915.305,""
1780402942939,700,700,7.216,108.163,AE/OFF AF/OFF ,34664.978,""
1780402942974,700,700,6.554,102.490,AE/OFF AF/OFF ,31996.007,"00000288|1780399581744|A4WfSFBToNr4QhihuDKMcqzWJ6kIqEbG7uu7AnQicxUCNW1iCMW8phclcyCyuJiXKMRcjyaRHAH0P7UctIkbZKNabS7N62uxBD3tHztLyF4qRxTu5HtkWkeuqBUVuZDftBNEQbR7PG2OHHDRjFsn875dfTULD8NfVxktfO8y0F5ktBEsM..."
1780402943006,700,700,6.554,107.473,AE/OFF AF/OFF ,34745.512,"00000288|1780399581744|A4WfSFBToNr4QhihuDKMcqzWJ6kIqEbG7uu7AnQicxUCNW1iCMW8phclcyCyuJiXKMRcjyaRHAH0P7UctIkbZKNabS7N62uxBD3tHztLyF4qRxTu5HtkWkeuqBUVuZDftBNEQbR7PG2OHHDRjFsn875dfTULD8NfVxktfO8y0F5ktBEsM..."
1780402943035,700,700,6.567,107.857,AE/OFF AF/OFF ,35083.908,"00000288|1780399581744|A4WfSFBToNr4QhihuDKMcqzWJ6kIqEbG7uu7AnQicxUCNW1iCMW8phclcyCyuJiXKMRcjyaRHAH0P7UctIkbZKNabS7N62uxBD3tHztLyF4qRxTu5HtkWkeuqBUVuZDftBNEQbR7PG2OHHDRjFsn875dfTULD8NfVxktfO8y0F5ktBEsM..."
1780402943072,700,700,6.590,108.658,AE/OFF AF/OFF ,35418.331,"00000288|1780399581744|A4WfSFBToNr4QhihuDKMcqzWJ6kIqEbG7uu7AnQicxUCNW1iCMW8phclcyCyuJiXKMRcjyaRHAH0P7UctIkbZKNabS7N62uxBD3tHztLyF4qRxTu5HtkWkeuqBUVuZDftBNEQbR7PG2OHHDRjFsn875dfTULD8NfVxktfO8y0F5ktBEsM..."
1780402943108,700,700,6.598,109.061,AE/OFF AF/OFF ,35892.766,"00000288|1780399581744|A4WfSFBToNr4QhihuDKMcqzWJ6kIqEbG7uu7AnQicxUCNW1iCMW8phclcyCyuJiXKMRcjyaRHAH0P7UctIkbZKNabS7N62uxBD3tHztLyF4qRxTu5HtkWkeuqBUVuZDftBNEQbR7PG2OHHDRjFsn875dfTULD8NfVxktfO8y0F5ktBEsM..."
1780402943138,700,700,6.594,108.131,AE/OFF AF/OFF ,35930.142,"00000288|1780399581744|A4WfSFBToNr4QhihuDKMcqzWJ6kIqEbG7uu7AnQicxUCNW1iCMW8phclcyCyuJiXKMRcjyaRHAH0P7UctIkbZKNabS7N62uxBD3tHztLyF4qRxTu5HtkWkeuqBUVuZDftBNEQbR7PG2OHHDRjFsn875dfTULD8NfVxktfO8y0F5ktBEsM..."
1780402943173,700,700,6.598,102.543,AE/OFF AF/OFF ,32816.317,"00000289|1780399581948|oJ1dC0pppazKNsWkYtadAjPDxts9nDNpMGRVYbUJCEWubmMk1W9Ox15CunaEcR04RGRMZ7eTvTeO5s4YSVXh5dJFj82XjbIfiZzSgSCUBy7SOwEyGKSXMZEKrjHYWLAIwarMQAuHyuMtqxsxS6ocWeXC1iXbVTVZPajzdbBgrNVq5PE3P..."
1780402943205,700,700,7.216,104.510,AE/OFF AF/OFF ,36313.288,""
1780402943237,700,700,7.216,103.881,AE/OFF AF/OFF ,36349.579,""
1780402943272,700,700,7.216,105.883,AE/OFF AF/OFF ,36412.767,""
1780402943303,700,700,6.660,111.048,AE/OFF AF/OFF ,37356.927,"00000289|1780399581948|oJ1dC0pppazKNsWkYtadAjPDxts9nDNpMGRVYbUJCEWubmMk1W9Ox15CunaEcR04RGRMZ7eTvTeO5s4YSVXh5dJFj82XjbIfiZzSgSCUBy7SOwEyGKSXMZEKrjHYWLAIwarMQAuHyuMtqxsxS6ocWeXC1iXbVTVZPajzdbBgrNVq5PE3P..."
